SMILES,AEI,CHA,color
C1CC23CCC[N+]2(C1)CCC3,-14.625158587942336,-13.939776500186698,0.9873928979971128
C1CCC2(C1)CCC[NH2+]2,-13.377238156412414,-13.353944678157207,1.5
C1CCCNCCC1,-11.778907983042686,-11.521063707101176,1.5
C1CCC[N+]2(CC1)CCCCC2,-11.332143823752071,-15.27862448567415,0.0
C1CCC[N+]2(CC1)CCCCCC2,-11.287467403802786,-13.925312413287187,0.6090766690053364
C1CC[C@@H]2CCC[N+]3(CCCC3)[C@H]2C1,-12.209380556547638,-11.224915135982917,0.3453392604528513
C1CC[C@@H]2NCC[C@@H]2C1,-12.431921485249676,-12.740704781678732,1.5
C1CC[C@@H]2[C@H](C1)CCC[N+]21CCCC1,-11.213594507172349,-11.397839576462376,1.5
C1CC[C@H]2[C@@H](C1)CCC[N+]21CCCC1,-11.406773466775475,-12.408196737733727,1.5
C1CC[N+]2(C1)CC1CCC(CC1)C2,-13.581876073947285,-16.969881254738656,-0.6704344517072869
C1CC[N+]2(C1)CCCC2,-12.476600900263994,-12.631594737456114,1.5
C1CC[N+]2(CC1)CCCC2,-13.892710353375303,-14.393158238873115,1.5
C1CC[N+]2(CC1)CCCCC2,-14.183682266185372,-15.041302368401823,0.0
C1C[C@H]2CC[C@@H]1CNC2,-12.742319590746677,-12.36160550638781,1.5
C1C[NH+]2CCC1CC2,-11.873158457776634,-12.118148155894588,1.5
C1N2CN3CN1CN(C2)C3,-11.742279041469553,-11.709636136107257,1.5
CC(C)(C)[N+](C)(C)C,-12.74376787554,-11.71908622956061,1.5
CC(C)CCNC(C)C,-12.977205835714484,-14.010602805965073,1.5
CC(C)CC[N+]1(C)CCCC1,-11.965448893622172,-15.545879885721893,-1.0447349720875039
CC(C)CNCC(C)C,-13.08984856247036,-13.90399277668089,1.3464060450120776
CC(C)C[N+]1(C)CCCC1,-12.629758213172753,-14.581748973287734,0.13151560582939048
CC(C)Cn1cc[n+](CC(C)C)c1,-12.238735711371154,-11.174035668376437,0.0
CC(C)N1C[C@@H]2C[C@H](C1)C[N+](C)(C)C2,-12.923062638392693,-11.020184069915995,1.5
CC(C)[C@@H]1CCCC[N+]1(C)C,-12.941101472743009,-13.235876669195195,0.0
CC(C)[C@H]1CCCC[N+]1(C)C,-13.723694191322597,-13.736116394324405,-0.012422203001809963
CC(C)[N+](C)(C)C(C)C,-13.831151535889626,-13.587620266923855,0.9317008164658168
CC(C)[N+]1(C)CCCC1,-13.732384724227865,-12.560858591845136,1.5
CC(C)[N+]1(C)C[C@@H](C)C[C@@H](C)C1,-13.48315412795742,-11.603370130577106,-0.0789690654655999
CC(C)[N+]1(C)C[C@@H](C)C[C@H](C)C1,-13.007016401228846,-12.923466891765035,0.0
CC(C)[N+]1(C)C[C@H](C)C[C@@H](C)C1,-12.09391153367686,-12.307885109060203,0.0
CC(C)[N@+]1(C)CCCC(C)(C)C1,-12.601017911024575,-15.922861415535516,0.0
CC(C)[N@+]1(C)C[C@@H](C)C[C@@H](C)C1,-13.91769520581684,-11.100115507341993,-0.2282993084217804
CC(C)[N@@+]1(C)CCCC(C)(C)C1,-11.666226240037195,-16.66941705625072,-0.6195579693730338
CC(C)[N@@+]1(C)C[C@@H](C)C[C@@H](C)C1,-13.738666260009337,-14.716253657829151,-0.9775873978198124
CC(C)[P+](C)(C(C)C)C(C)C,-17.103801003753016,-15.238178725713215,-1.5
CC(C)c1n(C)cc[n+]1C,-12.136211701206411,-13.004794739726329,0.0
CC1(C)CCCC(C)(C)[N+]12CCCCC2,-13.084178019951565,-13.134406466289988,1.0593847774999643
CC1(C)CCC[N+](C)(C)C1,-14.579335922440634,-13.526471116708775,0.3890609754311889
CC1(C)CCC[N+]2(CCCC2)C1,-13.025775820079849,-16.52145982614077,0.0
CC1(C)C[C@@H]2C[C@](C)(C1)C[N+]2(C)C,-15.900195513956707,-12.128124040716429,-1.5
CC1(C)C[C@H]2C[C@@](C)(C1)C[N+]2(C)C,-16.347188162535918,-12.701126558714831,-0.907055947971136
CC1(C)[C@@H]2CCC[N+](C)(C)[C@@H]1C2,-16.634387499495755,-12.955541907339425,-1.5
CC1(C)[C@@H]2CC[C@@](C)(C2)C[N+]1(C)C,-15.350562851721499,-14.194723161283946,-1.072935366220218
CC1(C)[C@@H]2CC[C@@]1(C)C[N+](C)(C)C2,-14.299165158820296,-17.109666205396508,-1.5
CC1(C)[C@@H]2CC[C@@]1(C)[C@@H]([N+](C)(C)C)C2,-11.593301653353928,-15.111949881529634,0.0
CC1(C)[C@@H]2C[C@H]1CCC[N+]2(C)C,-16.436414988590894,-16.195453552411067,-0.2409614361798269
CC1(C)[C@H]2CCC[N+](C)(C)[C@@H]1C2,-16.097340743681652,-13.446035570308895,-0.7926626153238576
CC1(C)[C@H]2CCC[N+](C)(C)[C@H]1C2,-15.864217647254579,-14.29354004480442,-1.5
CC1(C)[C@H]2CC[C@](C)(C2)C[N+]1(C)C,-13.9312170801051,-14.650568491702067,-0.2413885445122528
CC1(C)[C@H]2CC[C@]1(C)C[N+](C)(C)C2,-14.475202577409465,-17.133107848914896,-1.5
CC1(C)[C@H]2CC[C@]1(C)[C@H]([N+](C)(C)C)C2,-11.253775656154485,-14.983100817784926,-0.9540565507405976
CC12CC3C[C@@](C)(C1)C([NH3+])[C@](C)(C3)C2,-15.726108063601133,-13.467928168882544,-0.51673698879668
CC12CC3C[C@@](C)(C1)C[C@](N)(C3)C2,-17.687795604660682,-13.948804336375725,-1.5
CC1CCC[N@@+]12CCCC(C)(C)C2,-12.488547812579654,-15.723342861452188,-1.4271102702094822
CC1CC[N+](C)(C)CC1,-13.234425657351643,-13.433464820122865,0.1962094963706704
CCCCCC[N+](C)(C)C,-11.138955758347272,-14.565505697163776,0.9882280314197748
CCCCNC(C)C,-12.01891922647244,-12.496033511904605,1.5
CCCCNCCCC,-12.69841859111922,-13.787547382716921,0.0
CCCC[N+]1(C)CCCC1,-12.015322635818146,-14.336580053695558,1.2652094811708636
CCCC[N+]1(C)CCCCCC1,-12.74963098666837,-12.456544189438624,0.0
CCCC[n+]1ccccc1,-12.712773314593345,-13.892637446658512,1.5
CCCCn1cc[n+](C)c1C,-12.483360581088894,-13.447255600326526,1.5
CCCN(CCC)CCC,-13.573631624818988,-12.558883859047187,1.5
CCCNCC(C)C,-11.868480688854776,-12.864423319156867,1.5
CCCNCCC,-11.994681672903411,-12.357553525143745,1.5
CCC[N+](C)(C)CCC,-12.399827454027658,-11.944692188530615,1.5
CCC[N+](CCC)(CCC)CCC,-13.291325661259757,-11.832231852523535,0.6618098573926385
CCC[N+]1(C)CCCC1,-13.644498702343723,-12.851711137578704,1.5
CCC[N+]1(C)CCCCC1,-11.711978873280456,-12.792982589526801,1.5
CCC[N+]12CCC(CC1)CC2,-13.424529589735961,-14.106634828453481,0.0
CCC[NH+](CCC)CCC,-13.11273865840117,-12.556599354782314,1.5
CCC[NH2+]CCC,-11.823222784068527,-11.031468804848974,1.5
CCCn1cc[n+](CCC)c1,-13.076519417600572,-14.264681956866827,0.0
CCN(C(C)C)C(C)C,-13.434817396843126,-13.801984346522048,0.0
CCN(CC)CCN,-12.696837719421039,-11.40777217689945,1.5
CCN1CCNCC1,-11.487835544594128,-11.442481938435268,1.5
CCN1C[C@@H]2C[C@H](C1)C[N+]2(C)C,-13.304540450929206,-13.616873489031374,1.5
CCN1C[C@@H]2C[C@H](C1)[N+](C)(C)C2,-13.752700551729285,-14.110734784340705,0.8514283480315168
CCNCCN(C)C,-12.04105245540365,-11.38537343243966,1.5
CC[C@@H](N)CCCN,-13.170971225026925,-12.932641814457815,1.5
CC[C@@H]1CCCC[N+]1(C)C,-13.916344873720222,-13.594926295849845,1.5
CC[C@@H]1CCCC[N+]12CCCC2,-15.239105045048866,-14.104274744024513,0.0
CC[C@@H]1CCCC[N+]12CCCCC2,-12.414827644163804,-11.69212807149968,0.1185900414234311
CC[C@@H]1CCCC[N@+]1(C)CC,-15.513970121352065,-14.6401024614757,1.5
CC[C@@H]1CCCC[N@+]12CCC[C@@H]2C,-13.6666265843803,-13.464898529964454,0.0
CC[C@@H]1CCCC[N@+]12CCC[C@H]2C,-13.47099050560214,-12.987255558604385,0.0
CC[C@@H]1CCCC[N@@+]12CCC[C@@H]2C,-12.949933678253773,-11.767017427531991,0.0
CC[C@@H]1CCCC[N@@+]12CCC[C@H]2C,-14.564600986518693,-15.121345541183915,-0.44790125110797696
CC[C@H]1CCCC[N+]1(C)C,-14.461631535812344,-13.13738660288076,1.5
CC[C@H]1CCCC[N+]12CCCC2,-14.249534881238045,-11.331224881522946,0.0
CC[C@H]1CCCC[N+]12CCCCC2,-15.90228514468498,-15.060923059404663,-0.5347414309252532
CC[C@H]1CCCC[N@+]1(C)CC,-14.838680290429744,-12.607017166953804,1.5
CC[C@H]1CCCC[N@+]12CCC[C@@H]2C,-12.132143799885215,-15.328373038172765,-0.15589784378304827
CC[C@H]1CCCC[N@+]12CCC[C@H]2C,-13.712112194511967,-15.078354739803851,0.0
CC[C@H]1CCCC[N@@+]12CCC[C@@H]2C,-14.607198288618875,-12.44920441745358,0.0
CC[C@H]1CCCC[N@@+]12CCC[C@H]2C,-14.164791164979341,-12.522047668355649,-0.12952613707887828
CC[N+](C)(C(C)C)C(C)C,-15.306162801898813,-14.595800156638322,0.6559840572698921
CC[N+](C)(C)C1CCCCC1,-13.989104591119983,-15.701234859410865,0.0
CC[N+](C)(CC)C1CCCCC1,-12.297622327831853,-17.27583611093465,-1.5
CC[N+](C)(CC)CC,-12.849712913286432,-12.284260438257984,1.5
CC[N+](CC)(CC)C(C)C,-14.954245195583127,-13.598160671247875,0.4742202619857974
CC[N+](CC)(CC)CC,-14.655202607718904,-14.289698160335641,0.3051818145052092
CC[N+](CC)(CC)Cc1ccccc1,-11.037504483984947,-14.872812125024627,0.0
CC[N+]1(C)C(C)(C)CCCC1(C)C,-18.009299833350035,-14.059667920809677,-1.5
CC[N+]1(C)C2CCCC1CCC2,-15.795339493909745,-16.861601841879736,-0.3833449446216228
CC[N+]1(C)CCCCC1,-12.852945070862287,-13.214031026808572,1.5
CC[N+]1(C)CCNCC1,-13.933537893670428,-11.005533632349515,0.5390447415732478
CC[N+]1(C)C[C@@H](C)C[C@@H](C)C1,-13.559344059144967,-11.964394784846014,1.5
CC[N+]1(C)C[C@@H](C)C[C@H](C)C1,-13.242302396920936,-12.723854934535645,1.5
CC[N+]1(C)C[C@H](C)C[C@@H](C)C1,-12.987593625730211,-12.273546923196394,1.5
CC[N+]1(C)C[C@H]2CCCCCC[C@@H]2C1,-11.023757678304102,-12.184020181916726,0.368389914458211
CC[N+]1(C)[C@@H](C)CCC[C@@H]1C,-15.858028918286273,-13.585615945295663,0.9967966526545204
CC[N+]1(C)[C@@H](C)CCC[C@H]1C,-16.334813840372103,-11.87765904213652,-0.04559333866695425
CC[N+]1(C)[C@H](C)CCC[C@H]1C,-15.506096155735586,-12.097122719097266,-1.5
CC[N+]1(C)[C@H]2CCC[C@@H]1CC2,-14.296928448288641,-14.643619163628552,1.5
CC[N+]1(C2CCCCC2)CCCC1,-11.412188222701696,-14.102804147001883,0.7663341857150048
CC[N+]1(CC)CCC2CC[C@H]1C(C)[C@H]2C,-12.584660112190932,-13.60423179533675,0.3486162639323957
CC[N+]1(CC)CCCC(C)(C)C1,-12.911111022417893,-14.500268169299336,0.6884801843454119
CC[N+]1(CC)CCC[C@@H](C)C1,-13.311425220945878,-12.858484272744832,1.5
CC[N+]1(CC)CCC[C@@H](C)[C@@H]1C,-14.0075553775669,-11.695673719247305,0.7018730553954242
CC[N+]1(CC)CCC[C@@H](C)[C@H]1C,-14.967096617532807,-13.78868743712824,1.5
CC[N+]1(CC)CCC[C@@H]2C[C@H]1C2(C)C,-12.603899605791659,-12.118758479120386,1.5
CC[N+]1(CC)CCC[C@H](C)C1,-14.302367285341624,-14.001747758895874,1.5
CC[N+]1(CC)CCC[C@H](C)[C@@H]1C,-14.448833120483146,-14.388954990094962,0.22776382728861755
CC[N+]1(CC)CCC[C@H](C)[C@H]1C,-12.95539064650568,-13.938040086118875,1.5
CC[N+]1(CC)C[C@@H](C)CC[C@@H]1C,-14.01822263327975,-11.918414332350967,0.0
CC[N+]1(CC)C[C@@H](C)C[C@@H](C)C1,-14.421735340129736,-13.392984700668936,0.0
CC[N+]1(CC)C[C@@H](C)C[C@H](C)C1,-12.019660756327086,-11.741527186346051,1.2585743257495563
CC[N+]1(CC)C[C@H](C)CC[C@H]1C,-14.8714451157092,-11.962009212212775,0.9959553107507376
CC[N+]1(CC)C[C@H](C)C[C@@H](C)C1,-13.543334592402699,-12.52799121741574,0.0
CC[N+]1(CC)C[C@H]2[C@H]3C=C[C@H](C3)[C@H]2C1,-13.569351053780773,-12.48811236228849,1.5
CC[N+]1(CC)[C@@H](C)CCC[C@@H]1C,-17.305780730734757,-13.025056977675204,-0.08982220075802516
CC[N+]1(CC)[C@@H](C)CCC[C@H]1C,-13.51865149778652,-15.873329445769508,0.0
CC[N+]1(CC)[C@H](C)CCC[C@H]1C,-17.29927406254957,-15.362640414535345,-0.5791799836461173
CC[N+]12C[N@]3C[N@@](C1)C[N@](C2)C3,-14.501966920592075,-14.173952526124936,0.0
CC[N@+]1(C)CCCC(C)(C)C1,-13.964657885527695,-14.939146369312644,1.5
CC[N@+]1(C)CCCC[C@@H]1C,-14.953948442933564,-14.07321620125276,1.5
CC[N@+]1(C)CCCC[C@H]1C,-14.799236148553028,-13.26942016447552,1.5
CC[N@+]1(C)CC[C@@H](C)[C@H]2C[C@@H]1C2(C)C,-11.288244512617636,-12.673424525670088,0.0
CC[N@+]1(C)CC[C@H](C)[C@@H]2C[C@@H]1C2(C)C,-12.531956556186236,-11.34827059385715,-0.2537731094788533
CC[N@+]1(C)CC[C@H](C)[C@@H]2C[C@H]1C2(C)C,-13.375108222963664,-11.982334808852372,-0.5599138560780528
CC[N@+]1(C)C[C@@H](C)C[C@@H](C)C1,-14.161088721893089,-11.162350170963443,-0.7546559411939118
CC[N@+]1(C)C[C@@H]2CC[C@](C)(C1)C2(C)C,-12.626967194501448,-15.623785694345761,-0.8430172805656753
CC[N@+]1(C)C[C@@H]2C[C@H]1CN(C)C2,-14.785253396072678,-14.78856213886798,0.0
CC[N@+]1(C)C[C@H]2CC[C@@](C)(C1)C2(C)C,-11.180654138921373,-13.062459349560447,0.6331798969237052
CC[N@+]1(C)C[C@H]2CC[C@H](CC2)C1,-15.570344963726402,-17.548379737137466,-1.0563346985903408
CC[N@+]1(C)C[C@H]2C[C@@H]1CN(C)C2,-14.779865716338227,-15.645255204809372,0.0
CC[N@+]1(C)[C@@H](C)CCC[C@H]1C,-15.546187714081723,-14.51887241430101,0.0
CC[N@+]1(C)[C@H]2CCC[C@@H]1CCC2,-14.309398069802985,-15.459668781917431,-1.15027071211445
CC[N@@+]1(C)CCCC[C@@H]1C,-14.160709816017265,-13.239661010893624,0.34897529330880417
CC[N@@+]1(C)CCCC[C@H]1C,-14.878380540516732,-14.543480886905876,0.4052663734111679
CC[N@@+]1(C)CC[C@@H](C)[C@@H]2C[C@H]1C2(C)C,-11.439526271592676,-13.01106207742558,0.0
CC[N@@+]1(C)C[C@@H](C)C[C@@H](C)C1,-12.947499775857803,-11.38922292852782,0.0
CC[N@@+]1(C)C[C@@H]2CC[C@](C)(C1)C2(C)C,-12.86199217731302,-13.569906232968373,0.0
CC[N@@+]1(C)C[C@@H]2C[C@H]1CN(C)C2,-13.893691247217715,-14.993723904664336,0.0
CC[N@@+]1(C)C[C@H]2CC[C@@](C)(C1)C2(C)C,-13.512450466940455,-13.919026636172054,0.0
CC[N@@+]1(C)C[C@H]2C[C@@H]1CN(C)C2,-13.66014602753375,-11.436932263875685,0.20364484242137407
CC[N@@+]1(C)[C@@H](C)CCC[C@H]1C,-15.983261993807972,-13.975898860349668,-0.017288518765511185
CC[NH+](CC)CC,-11.442650787737994,-11.288724305951845,1.5
CC[P+](CC)(CC)CC,-15.039818504648323,-14.682730826487315,1.5
CCc1n(C)cc(C)[n+]1C,-12.315428351155429,-12.655521782517708,0.5597867481607182
CCc1n(C)cc[n+]1C,-12.886159939836938,-11.158473551780947,1.5
CCc1n(CC)c(C)c[n+]1CC,-11.052103757532565,-12.134914784452725,0.053198232315425635
CCn1cc[n+](C)c1C(C)C,-13.797183800035713,-11.591485498192794,0.10099433444108816
CN(C)CC(C)(C)CN(C)C,-14.29422764338766,-12.607107782746306,0.0
CN(C)CCCCN(C)C,-13.653427594181386,-14.113893391964359,1.3456623121926103
CN(C)CCCN(C)C,-12.23822870113744,-12.152265443988073,1.5
CN(C)Cc1ccccc1,-11.496178067025786,-12.27077096025458,1.5
CN(C)[P+](C)(N(C)C)N(C)C,-16.507043727285154,-13.724871164767967,0.0
CN1C(C)(C)CCCC1(C)C,-15.076920807201278,-13.51399130393296,-1.5
CN1CCN(C)CCN(C)CC1,-12.682020851385046,-11.449212941680171,0.0
CN1C[C@@H]2C[C@@H](C1)C[N+](C)(C)C2,-12.30269846050158,-16.263867484079558,-0.06722515423434318
CN1C[C@@H]2C[C@H](C1)C[N+](C)(C)C2,-14.909201447995956,-14.163446722507205,-0.15936030217698693
CN1C[C@H]2C[C@H](C1)C[N+](C)(C)C2,-13.914262821109444,-15.975669302988354,-0.3454333694202294
C[C@@H]1CCCC[N+]1(C)C,-13.806931108464108,-12.561673678352356,1.5
C[C@@H]1CCCC[N@+]12CCC[C@H]2C,-15.206214507443235,-11.76898998941037,-1.3258580828850928
C[C@@H]1CCCC[N@@+]12CCC[C@H]2C,-14.018096579234829,-11.43213075253621,0.0
C[C@@H]1CCC[C@@H](C)[N+]1(C)C,-14.354237429329414,-13.825383616905874,1.5
C[C@@H]1CCC[C@@H](C)[N+]12CCCC2,-16.75502650710709,-15.290653524414527,-0.60584155605126
C[C@@H]1CCC[C@@H](C)[N+]12CCCCC2,-14.792766446304505,-13.985525307519195,-0.2530091483345433
C[C@@H]1CCC[C@@H](C)[N+]12CCC[C@H]2C,-15.77424133130556,-17.272051876442074,-1.497810545136517
C[C@@H]1CCC[C@H]([N+]2(C)CCCC2)C1,-11.300395029050884,-14.986534810580896,-1.4045103889142183
C[C@@H]1CCC[N+](C)(C)C1,-13.190280027246231,-12.854983597875025,1.5
C[C@@H]1CCC[N+]12CCCCCC2,-15.306465866296179,-16.209524220435082,0.332792951888198
C[C@@H]1CCC[N@+]12CCCC(C)(C)C2,-12.103364300577464,-14.800911294445285,0.0
C[C@@H]1CCC[N@@+]12CCC[C@@H]1CCCC[C@H]12,-11.257500813492195,-11.155099915910338,1.0933697601040286
C[C@@H]1CC[N+](C)(C)[C@@H]2C[C@H]1C2(C)C,-16.155111728576504,-12.256048882341068,-1.5
C[C@@H]1CC[N+](C)(C)[C@H]2C[C@@H]1C2(C)C,-15.819639742833006,-12.243019371279573,-1.5
C[C@@H]1CNC[C@H](C)C1,-11.969486060350047,-11.989490481494474,1.5
C[C@@H]1C[C@@H](C)C[N+](C)(C)C1,-13.745081689267671,-12.497181606758867,1.5
C[C@@H]1C[C@@H](C)C[N+]2(CCCC2)C1,-12.086456113320171,-12.982234945193474,0.0
C[C@@H]1C[C@@H](C)C[N+]2(CCCCC2)C1,-11.864853062090509,-12.785281185217595,0.0
C[C@@H]1C[C@H]2CC[C@]1(C)CC[N+]2(C)C,-14.878349705417845,-12.075924680790402,-0.5817753467520568
C[C@@H]1C[N+]2(C)CCN1CC2,-13.677672263542476,-12.544085396925235,0.9956529599427312
C[C@@H]1C[N@+]2(C)CCN1C[C@H]2C,-14.241760014081402,-14.343571620896268,0.999109040984214
C[C@@H]1C[N@@+]2(C)CCN1C[C@H]2C,-15.778089366713251,-13.820259898214342,-1.1133776458179163
C[C@@H]1C[NH2+]C[C@@H](C)C1,-13.08560256533695,-12.291290170761366,1.5
C[C@@H]1[C@@H](C)[C@]2(C)CC[C@H]1[N+](C)(C)CC2,-15.880107954631715,-12.884304279299224,-1.385941619790124
C[C@H]1CCCC[C@@H]1N,-12.393086326524944,-11.646890743547205,1.5
C[C@H]1CCCC[C@H]1N,-12.388339892219939,-12.207743535755887,1.5
C[C@H]1CCCC[N+]1(C)C,-13.407957673905544,-12.784427799400227,1.5
C[C@H]1CCCC[N@+]12CCC[C@@H]2C,-14.186515316272393,-17.225164837198626,-0.3936297391397439
C[C@H]1CCCC[N@+]12CCC[C@H]2C,-13.605217459841947,-14.452783296318204,-0.8207502385620344
C[C@H]1CCCC[N@@+]12CCC[C@@H]2C,-14.53372222805215,-12.633238766833966,0.0
C[C@H]1CCCC[N@@+]12CCC[C@H]2C,-13.881547806374323,-14.816331390016101,0.07090404243048097
C[C@H]1CCC[C@@H](C)[N+]1(C)C,-14.599694806514222,-13.51488108615556,0.0
C[C@H]1CCC[C@@H](C)[N+]12CCCC2,-16.33723706907999,-15.45231260742865,0.0
C[C@H]1CCC[C@@H](C)[N+]12CCCCC2,-13.17733925587388,-13.11088436473876,0.8268011120736425
C[C@H]1CCC[C@@H](C)[N+]12CCC[C@@H]2C,-15.048451226768506,-14.869050993404903,-0.17940023336360156
C[C@H]1CCC[C@@H](C)[N+]12CCC[C@H]2C,-14.972476015610974,-14.63049032629466,0.0
C[C@H]1CCC[C@@H](C)[N@@+]12CCC[C@@H]2C,-15.012898659298274,-15.695133208440161,-0.6822345491418886
C[C@H]1CCC[C@@H](C)[N@@+]12CCC[C@H]2C,-15.73135025151968,-16.34456517572233,-0.6132149242026514
C[C@H]1CCC[C@@H](C)[NH2+]1,-12.31422694816412,-11.989688088781676,1.5
C[C@H]1CCC[C@@H]([N+]2(C)CCCC2)C1,-11.220320418136744,-15.479992154034498,0.0
C[C@H]1CCC[C@H](C)[N+]1(C)C,-15.149539656039865,-13.932995110165699,0.2069031582384131
C[C@H]1CCC[C@H](C)[N+]12CCCC2,-15.583452614493005,-16.389985611363205,1.5
C[C@H]1CCC[C@H](C)[N+]12CCCCC2,-13.888819080485465,-11.525379977706294,0.0
C[C@H]1CCC[C@H](C)[N+]12CCC[C@@H]2C,-15.374348532394595,-14.65085843007626,-0.7234901023183298
C[C@H]1CCC[C@H](C)[N+]12CCC[C@H]2C,-16.296699326451307,-12.826712783893305,-1.5
C[C@H]1CCC[N+](C)(C)C1,-13.50582092068534,-12.673110037143381,1.5
C[C@H]1CCC[N+]12CCCCCC2,-12.949355449796276,-15.937556129141404,0.0
C[C@H]1CCC[N+]12C[C@H](C)C[C@@H](C)C2,-13.223833579780672,-15.673971941759241,-0.6330709337165032
C[C@H]1CCC[N@+]12CCCC(C)(C)C2,-13.481225909122115,-17.088483765549118,-0.5141849210096332
C[C@H]1CCC[N@+]12CCCC[C@H]2C,-14.934604765292795,-15.541043050036215,0.0
C[C@H]1CCC[N@@+]12CCCC(C)(C)C2,-12.010072849680965,-12.292735762006282,1.5
C[C@H]1CCC[N@@+]12CCCC[C@H]2C,-14.79161523577853,-16.070530449367293,-1.2789152135887676
C[C@H]1CC[N+](C)(C)[C@@H]2C[C@@H]1C2(C)C,-15.303901165993901,-14.02803679129122,-1.2758643747026817
C[C@H]1CC[N+](C)(C)[C@@H]2C[C@H]1C2(C)C,-15.793134482824572,-14.13991422198306,-1.5
C[C@H]1CC[N+](C)(C)[C@H]2C[C@@H]1C2(C)C,-15.845449966848395,-11.943833871241589,-1.5
C[C@H]1CN2CC[N@+]1(C)C[C@H]2C,-14.593585577425985,-15.09400685575784,0.32238129935441506
C[C@H]1CN2CC[N@@+]1(C)C[C@H]2C,-14.758311540009954,-13.891101775650634,0.0
C[C@H]1CNC[C@H](C)C1,-11.604460964076635,-11.622870054126228,1.5
C[C@H]1C[C@@H](C)C[N+](C)(C)C1,-13.375532436735694,-13.070007610232256,1.295268341234296
C[C@H]1C[C@@H](C)C[N@@+]2(CCC[C@@H]2C)C1,-12.383683028449845,-11.506181302754465,0.0
C[C@H]1C[C@@H]2CC[C@@]1(C)CC[N+]2(C)C,-15.991182795004857,-15.638740087458705,-0.35244270754614604
C[C@H]1C[C@H](C)C[N+]2(CCCC2)C1,-13.604722952497067,-13.406202679714069,0.0
C[C@H]1C[C@H](C)C[N+]2(CCC[C@@H]2C)C1,-12.540146048886685,-15.858154905327554,-1.1424938178384263
C[C@H]1C[C@H](C)C[N+]2(CCC[C@H]2C)C1,-12.921916754660185,-13.1080111392383,0.0
C[C@H]1C[C@H]2CC[C@]1(C)CC[N+]2(C)C,-14.689068471160116,-15.771308338512233,-1.0822398673521183
C[C@H]1C[N+]2(C)CCN1CC2,-13.712145743260315,-13.857968932595238,0.8076107713502036
C[C@H]1C[N@+]2(C)CCN1C[C@@H]2C,-15.280449626030322,-14.325979962483082,0.0
C[C@H]1C[N@+]2(C)CCN1C[C@H]2C,-15.020869351443903,-14.880964437376626,-0.13990491406727834
C[C@H]1C[N@@+]2(C)CCN1C[C@@H]2C,-14.624033227440554,-14.242012115470937,0.0
C[C@H]1C[N@@+]2(C)CCN1C[C@H]2C,-14.684851037700446,-14.331857606712148,-0.3529934309882954
C[C@H]1[C@@H](C)[C@@H]2CC[C@@]1(C)CC[N+]2(C)C,-13.17698513466353,-13.647238972418965,0.0
C[C@H]1[C@@H](C)[C@H]2CC[C@]1(C)CC[N+]2(C)C,-12.171372799608614,-12.043112168983654,0.7542715345727018
C[C@H]1[C@@H](C)[C@]2(C)CC[C@H]1[N+](C)(C)CC2,-14.036372144327862,-11.812374772496831,-0.25167155415512
C[C@H]1[C@@H]2CC[C@@](C)(CC[N+]2(C)C)[C@@H]1C,-13.932294901487674,-13.512897133649574,-0.4193977678380971
C[C@H]1[C@H](C)[C@@]2(C)CC[C@@H]1[N+](C)(C)CC2,-14.615849704769035,-13.972489766125493,-0.6433599386435418
C[N+](C)(C)C12CC3CC(CC(C3)C1)C2,-12.404281557926724,-17.759772444227785,-1.5
C[N+](C)(C)C12CCC(CC1)C2,-12.94618291210516,-16.33017039744144,0.0
C[N+](C)(C)C12CCCC1CCC2,-15.87506953163964,-12.763006746006393,0.7404528573820333
C[N+](C)(C)C1C2CC3CC(C2)CC1C3,-12.920496490810663,-17.47420839266404,-1.5
C[N+](C)(C)C1CCCC1,-13.046360700904765,-13.526926795414422,1.5
C[N+](C)(C)C1CCCCC1,-11.19377338802696,-14.673041744266891,1.5
C[N+](C)(C)C1C[C@@H]2CC[C@H]1C2,-14.026576975162575,-16.293084309781836,0.0
C[N+](C)(C)C1[C@H]2CC[C@@H]1[C@@H]1CCC[C@H]21,-11.899165853555234,-14.810443051997865,0.0
C[N+](C)(C)Cc1ccccc1,-11.854671971762874,-13.217478339938411,1.5
C[N+](C)(C)[C@@H]1C[C@@H]2CC[C@H]1C2,-13.768776693845007,-16.284323898726633,1.5
C[N+](C)(C)[C@@H]1C[C@@H]2C[C@H]1[C@@H]1CCC[C@H]21,-13.143396003168945,-14.414857330785505,0.2383754287045097
C[N+](C)(C)[C@@H]1C[C@H]2C[C@@H]1[C@H]1CCC[C@@H]12,-12.38306347211536,-12.718423347282162,1.5
C[N+](C)(C)[C@@H]1C[C@H]2C[C@@H]1[C@H]1CCC[C@H]12,-14.685608286621067,-13.502537907307564,0.7269016086754583
C[N+](C)(C)[C@H]1C[C@@H]2CC[C@H]1C2,-14.297869240421646,-16.35851352180709,0.0
C[N+](C)(C)[C@H]1C[C@@H]2C[C@H]1[C@@H]1CCC[C@H]21,-14.528669292060421,-13.968899654728162,0.0
C[N+](C)(C)[C@H]1C[C@@H]2C[C@H]1[C@H]1CCC[C@@H]21,-11.2883490785787,-13.752017683606574,1.1257001133462694
C[N+](C)(C)[C@H]1C[C@H]2CC[C@@H]1C2,-14.577369089377834,-13.378079166647911,1.5
C[N+](C)(C)[C@H]1C[C@H]2C[C@@H]1[C@H]1CCC[C@H]12,-11.31796122606124,-14.822437168414213,0.0
C[N+](C)(C)[C@H]1[C@@H]2C[C@H]3C[C@@H](C2)C[C@@H]1C3,-11.902447359349905,-17.484832122778926,-1.5
C[N+](C)(C)[C@H]1[C@H]2CCC[C@@H]1CCC2,-14.422529092661565,-17.976674570059746,-1.5
C[N+](C)(C)[C@]12CCC[C@@H]1CCC2,-15.831370729052189,-14.055093364374292,0.7631867847164955
C[N+](C)(C)c1ccccc1,-11.824823596065352,-13.148364460906278,1.5
C[N+]1(C)CC2CCC(CC2)C1,-15.31280436861624,-16.42320113697403,0.0
C[N+]1(C)CC2CCCC1CCC2,-16.18219616179454,-15.144209934498644,0.0
C[N+]1(C)CC2C[C@H]3CC1C[C@@H](C2)C3,-16.287870739139894,-17.352604679302228,-1.0647339401623341
C[N+]1(C)CCCCC1,-11.624148571666222,-11.49265347183801,1.5
C[N+]1(C)CCCCC[C@H]2CCCC[C@H]21,-11.518305225422516,-12.835710334413754,0.21175545502590865
C[N+]1(C)CCCC[C@@H]2CCCC[C@H]21,-13.742088373050814,-14.016840930054775,0.0
C[N+]1(C)CCCC[C@H]2CCCC[C@@H]21,-11.382151318717149,-13.785558739952569,0.0
C[N+]1(C)CCC[C@@H]2CCCC[C@@H]21,-12.736993520906628,-15.104399396335348,-0.6104559611282898
C[N+]1(C)CCC[C@@H]2CCCC[C@H]21,-12.171510934419189,-15.583036434463553,-0.2038690975920812
C[N+]1(C)CCC[C@@H]2CCC[C@@H]21,-14.558835345660475,-15.976750394151118,-0.07130603306611327
C[N+]1(C)CCC[C@@H]2CCC[C@H]21,-13.969487900237533,-13.139387922743545,0.13677661604214286
C[N+]1(C)CCC[C@@H]2CC[C@@H]1C2,-15.423670901212622,-14.535242622218359,-0.009261108583995536
C[N+]1(C)CCC[C@@H]2CC[C@H]1C2,-14.700636558004328,-15.623616550226775,0.014467655324656548
C[N+]1(C)CCC[C@H]2CCCC[C@@H]21,-12.080910599689842,-13.24971855981474,0.0
C[N+]1(C)CCC[C@H]2CCCC[C@H]21,-14.345218926754628,-16.414857328071474,0.0
C[N+]1(C)CCC[C@H]2CCCC[C@H]2C1,-12.196988103184873,-14.877686643586447,0.0
C[N+]1(C)CCC[C@H]2CCC[C@@H]21,-13.08636765368952,-13.780104425046847,0.0
C[N+]1(C)CCC[C@H]2CCC[C@H]21,-14.47253049699111,-13.224407272088234,-0.7944897152066606
C[N+]1(C)CCC[C@H]2CC[C@@H]1C2,-15.4061276797681,-15.51281726253524,0.0
C[N+]1(C)CCC[C@H]2CC[C@H]1C2,-14.617479180945065,-14.047164656741836,0.6088288450283788
C[N+]1(C)CC[C@@H]2CCC[C@@H]2C1,-14.686989976445348,-15.452025268797724,0.0
C[N+]1(C)CC[C@@H]2CCC[C@H]2C1,-12.562098810075009,-14.413248813364193,-0.1685308278045312
C[N+]1(C)CC[C@H]2CCC[C@@H]2C1,-12.888989633038955,-14.839011791193789,0.0
C[N+]1(C)CC[C@H]2CCC[C@H]2C1,-12.64938835169607,-15.656299744908788,0.0
C[N+]1(C)C[C@@H]2CCC[C@H]1[C@@H]1CC[C@H]2C1,-16.731217489048202,-14.420819453268892,-1.3684732656935203
C[N+]1(C)C[C@@H]2CCC[C@H]1[C@H]1CC[C@@H]2C1,-15.779503519826095,-14.404720717508338,-0.08405676091085112
C[N+]1(C)C[C@@H]2CC[C@H]1[C@@H]1CC[C@H]2C1,-16.699411205179633,-12.792749711496384,-0.9275633328417588
C[N+]1(C)C[C@@H]2CC[C@H]1[C@H]1CC[C@@H]2C1,-15.340710153186658,-17.383218639179642,-0.06828331132195586
C[N+]1(C)C[C@@H]2C[C@H](C1)C[N+]2(C)C,-15.553591012266743,-15.04671875921813,-0.5068722530486145
C[N+]1(C)C[C@@H]2C[C@H](C1)[N+](C)(C)C2,-15.298189215193732,-16.062643364428038,0.0
C[N+]1(C)C[C@@H]2[C@@H]3C=C[C@@H](C3)[C@H]2C1,-12.171746338488786,-11.753570912295622,1.5
C[N+]1(C)C[C@@H]2[C@@H]3C=C[C@@H](CC3)[C@H]2C1,-12.311642408068755,-15.539739319007099,0.0
C[N+]1(C)C[C@H]2CCC[C@@H]1CCC2,-15.905837673711734,-16.101903775482043,-0.1960661017703078
C[N+]1(C)C[C@H]2CCC[C@@H]1[C@@H]1CC[C@H]2C1,-14.631804014072365,-14.607251033924884,0.0
C[N+]1(C)C[C@H]2CCC[C@@H]1[C@H]1CC[C@@H]2C1,-15.901249334616999,-14.781177581615518,0.0
C[N+]1(C)C[C@H]2CC[C@@H]1[C@@H]1CC[C@H]2C1,-15.682548099362998,-17.328360787183946,-0.9489137729594894
C[N+]1(C)C[C@H]2CC[C@@H]1[C@H]1CC[C@@H]2C1,-16.57993213197495,-15.460938903894856,-1.1189932280800932
C[N+]1(C)C[C@H]2CC[C@H](C2)C1,-13.678192942529302,-13.877562071680089,1.5
C[N+]1(C)C[C@H]2CC[C@H](CC2)C1,-15.147531796616777,-16.240377678307652,-1.0928458816908773
C[N+]1(C)C[C@H]2[C@@H]3C=C[C@@H](C3)[C@H]2C1,-12.457084654615624,-16.09717334165861,0.11083091343394358
C[N+]1(C)C[C@H]2[C@@H]3C=C[C@@H](CC3)[C@H]2C1,-11.652508420153305,-11.640034604207912,1.5
C[N+]1(C)C[C@H]2[C@H]3C=C[C@H](C3)[C@H]2C1,-14.657749598945472,-13.66832589180374,0.0
C[N+]1(C)C[C@H]2[C@H]3C=C[C@H](CC3)[C@H]2C1,-13.225845419223035,-15.838167838139244,0.0
C[N+]1(C)C[C@]23CCCC[C@@]2(C1)[C@@H]1C=C[C@H]3C1,-12.475580648453164,-14.260731526417684,-0.3178306876454116
C[N+]1(C)C[C@]23CCCC[C@@]2(C1)[C@H]1C=C[C@@H]3C1,-12.41896768835968,-14.086538277233126,0.0
C[N+]1(C)[C@H]2CCC[C@@H]1CCC2,-15.585384210314336,-15.004168466907954,0.0
C[N+]1(Cc2ccccc2)CCCC1,-14.278960410038804,-16.161897246024882,-1.1555645701874615
C[N+]1(Cc2ccccc2)CCCCCC1,-11.711462234616256,-15.764534077684035,-1.2988901196070763
C[N+]12CCC(CC1)CC2,-12.91154844261756,-12.732923964594267,1.5
C[N+]12CCN(CC1)CC2,-12.537887870372266,-12.516595524369528,1.5
C[N+]12CC[N+](C)(CC1)CC2,-13.647466550457425,-13.779729445587337,1.5
C[N@+]12CC[N@+](C)(CC1)CC2,-13.183906428392534,-14.173789680352936,0.4872348025081337
C[n+]1cc[nH]c1,-12.286377064773596,-17.04341282116346,1.1208258506869946
Cc1cc(C)[n+](C)n1C,-11.098952644873998,-11.345748574906422,1.5
Cc1cccc(C)[n+]1C,-12.115566939182338,-13.666632922929535,0.7613255592644919
Cc1cccc(C[n+]2ccn(C)c2C)c1,-14.38120019054394,-14.053925892052364,1.4014293081696216
Cc1cn(C)c(C)[n+]1C,-11.005858586852883,-11.45918014282355,1.5
Cc1n(C)cc[n+]1Cc1ccccc1,-13.81886989993234,-13.338742585797286,1.5
Cn1cc[n+](Cc2ccccc2)c1,-14.504865259076213,-14.297212785154207,0.3638802778995896
NC12CC3CC(CC(C3)C1)C2,-15.629785345596835,-14.797617982600071,1.5
NC1CCC(N)CC1,-12.740114740470364,-12.447205482922227,1.5
NC1CCCCC1,-11.211238858387796,-11.47149349162803,1.5
NCC1CCNCC1,-12.203140549654202,-11.950328673072953,1.5
NCCCCCCC[NH3+],-15.319170087835824,-16.35293876106539,0.8312534202001203
NCCCCCCN,-13.142202138092859,-13.975720496522744,1.5
NCCCc1ccccc1,-13.684634965552863,-12.208787748086838,1.5
NCCN1CCNCC1,-13.258822954421765,-13.003363192455199,1.5
N[C@H]1CCCC[C@@H]1N,-12.132661825525837,-12.360858200814988,1.5
N[C@H]1CCCC[C@H]1N,-12.578455282235565,-12.406132675614113,1.5
N[C@]12C[C@H]3C[C@H](C[C@H](C3)C1)C2,-15.615559791839287,-15.170142480453361,0.2993516303310031
[NH3+]C12CC3CC(CC(C3)C1)C2,-16.687835560318984,-16.280995316138178,0.4673359399365609
[NH3+][C@@H]1CCCC[C@H]1[NH3+],-14.635277686454515,-14.406995412432794,1.5
[NH3+][C@H]1CCCC[C@H]1[NH3+],-14.575308645457618,-14.261655078500793,1.5
c1ccc(CC[NH+]2CCCC2)cc1,-14.374310716868058,-12.638253081897911,1.5
c1ccc(CN2CCCC2)cc1,-14.193171536697125,-15.288085889350581,0.13601758769484995
c1ccncc1,-17.644678990448988,-13.432535264508994,1.339118010364441
