crystal_id,Zeolite,SMILES,Templating,SCScore,Volume (Angstrom3),In literature?
139163782,CHA,C[C@H]1C[C@H]2C[N+](C)(C)C[C@]1(C)CC2(C)C,19.997202970728914,2.8325664643697666,239.136,0.0
138932836,CHA,C[N+]1(C2CCCCC2)CCCC1,19.957149246977114,1.3668128261718795,189.82400000000004,0.0
139170470,CHA,C[C@@H]1CCC[N@+]12CCC[C@H]1CCCC[C@@H]12,19.91633408342549,2.9299906701313887,228.72800000000007,0.0
138934107,CHA,CCCCC[N+](C)(C)CCCN(C)C,19.88468397645782,1.688650101487944,241.34400000000005,0.0
139004072,CHA,C[C@H]1CCC[N@+]12CCC[C@H]1CCCC[C@H]12,19.875426174540852,2.99572749880725,228.70400000000006,0.0
138756609,CHA,C[C@H]1CCC[N@@+]12CCC[C@H]1CCCC[C@@H]12,19.835283081796398,2.181967094476479,229.0480000000001,0.0
139626150,CHA,CC[N+](C)(C)CCCC[N+](C)(C)CC,19.765185600715238,1.1251099089516499,244.89600000000007,0.0
137363558,CHA,C[C@@H]1C[C@@H](C)C[N+]2(CCC[C@H]2C)C1,19.689970036196765,2.3644689881932504,206.77600000000004,1.0
139227924,CHA,CC(C)N1C[C@H]2C[C@H](C1)C[N+](C)(C)C2,19.670629681971086,2.9499824257208997,219.42400000000006,0.0
139138780,CHA,C1CC[N+]2(CC1)CC[C@H]1CCCC[C@H]1C2,19.65571737406999,2.1047342822440207,228.32000000000005,0.0
139093794,CHA,C[N+](C)(C)[C@H]1C[C@@H]2C[C@H]1[C@H]1CCC[C@H]21,19.630307434077285,2.8476966145009586,213.46400000000008,0.0
138883114,CHA,C[N+]1(C)CCCCC[C@@H]2CCCC[C@@H]21,19.61359585335469,2.1309513915303797,222.42400000000006,0.0
137337292,CHA,CC[N+]1(CC)CCC[C@H]2C[C@@H]1C2(C)C,19.58089047005021,2.924930118230572,224.34400000000005,1.0
139091306,CHA,C[N+]1(C)CCCC[C@@H]2CCCC[C@@H]21,19.546773425327142,1.8017740869598415,205.80000000000004,0.0
137345233,CHA,C[C@H]1C[C@@H](C)C[N+]2(CCC[C@H]2C)C1,19.521942567742425,2.593168261596541,206.45600000000005,1.0
139153410,CHA,CC[N@+]1(C)CC[C@H](C)[C@H]2C[C@@H]1C2(C)C,19.509169972619667,2.992732897673565,223.94400000000005,0.0
139100929,CHA,CC1(C)C[C@@H]2C[C@](C)(C1)C[N+]21CCCC1,19.469373199193033,2.6049905276716814,229.52000000000007,0.0
139104169,CHA,CC1(C)[C@H]2CC[C@H](C[N+](C)(C)C)[C@@H]1C2,19.446782416858387,1.5242060073824746,225.46400000000008,0.0
139670995,CHA,C[C@@H]1C[NH2+]C[C@H](C)C1,19.442156089135974,2.1446629167393274,132.61600000000004,0.0
137324224,CHA,CC[N+]1([C@@H]2CC(C)(C)C[C@H]2C)CCCC1,19.438486089377502,2.8561974083067407,240.57600000000005,0.0
138808839,CHA,C[C@H]1[C@H](C)[C@]2(C)CC[C@H]1[N+](C)(C)CC2,19.41479677602359,2.873537517295282,222.3760000000001,0.0
139087771,CHA,CC[N@@+]1(C)CC[C@H](C)[C@@H]2C[C@H]1C2(C)C,19.38668555791245,2.623368219408005,224.50400000000005,0.0
139112450,CHA,C[N+](C)(C)[C@@H]1C[C@@H]2C[C@H]1[C@@H]1CCC[C@@H]21,19.367448257563776,2.913443202226044,213.648,0.0
137359872,CHA,CCC[NH2+]CCC,19.35441319420156,1.8310879015953767,127.06400000000004,1.0
138447895,CHA,C[C@H]1CCC[N@+]12CCC[C@@H]1CCCC[C@H]12,19.33331850036032,2.8166727868483967,228.56800000000004,0.0
139154447,CHA,CC[N+]1(CC)CCCC[C@@H]2CCCC[C@H]21,19.321712718526076,2.6659362333807257,239.0960000000001,0.0
138270138,CHA,CC[N+](C)(C)CC,19.30165218855317,1.0000000018104236,128.43200000000002,0.0
139044723,CHA,C[N+]1(C)CC[C@@H]2CCCC[C@@H]2CC1,19.24800571239479,1.8791348688993603,206.10400000000004,0.0
139159518,CHA,C[C@@H]1CCC[N@@+]12CCC[C@H]1CCCC[C@@H]12,19.199424429143214,2.3753361494995326,228.8640000000001,0.0
138818960,CHA,CC(C)[P+](C(C)C)(C(C)C)C(C)C,19.18563407695629,1.5142049006302292,237.21600000000007,0.0
138883121,CHA,C1CC[N+]23CCCCC2(C1)CCCC3,19.18251651779142,2.309394568721144,211.15200000000004,0.0
150369580,CHA,CC1(C)[C@@H]2CC[C@@H](C[N+](C)(C)C)[C@H]1C2,19.16064250688874,1.9100038522419207,225.47200000000007,0.0
143795340,CHA,CC[NH+](CC)CC,19.15551360171755,1.290012501825092,127.63200000000003,0.0
139107582,CHA,CC[N+]1(CC)CCCC[C@@H]2CCCC[C@@H]21,19.15213547401814,2.1953248103850007,239.18400000000003,0.0
138570249,CHA,C[C@H]1CCC[N+]12[C@H](C)CCC[C@H]2C,19.092297262588858,2.953349533226357,206.68800000000005,0.0
139165502,CHA,C[N+]1(C2CCCCCCC2)CCCC1,19.078251297209,1.3668128261718795,223.05600000000004,0.0
146434279,CHA,C[C@@H]1CCC[N@@+]12CCCC(C)(C)C2,19.06622359250716,2.328968627324354,206.62400000000005,0.0
138612368,CHA,C[C@@H]1C[C@@H]2C[N+](C)(C)C[C@@]1(C)CC2(C)C,19.05383731064198,2.8277843485742293,239.44000000000003,0.0
139144268,CHA,CC[N@@+]1(C)CC[C@@H](C)[C@H]2C[C@@H]1C2(C)C,19.044006731643893,2.695022217487288,224.1200000000001,0.0
139180548,CHA,C[C@@H]1CC[N+](C)(C)[C@H]2C[C@H]1C2(C)C,19.004664310389725,2.6508430536345102,207.5360000000001,0.0
139018135,CHA,CC[N+]1(C)CCNCC1,18.997376262481875,1.6207471469921662,146.68000000000004,0.0
139125773,CHA,C[C@@H]1[C@@H]2CC[C@@](C)(CC[N+]2(C)C)[C@@H]1C,18.98809549703535,2.543738608977635,222.2800000000001,0.0
138967428,CHA,CC(C)[N+](C)(C)C,18.856804197284948,1.0005761545194656,128.23200000000003,0.0
138999901,CHA,C[N+]1(C)C[C@H]2[C@@H]3C=C[C@@H](C3)[C@@H]2C1,18.855073759718746,1.9656650312566608,175.25600000000003,0.0
139104531,CHA,C[N+]1(C)C[C@H]2[C@@H]3C=C[C@@H](CC3)[C@H]2C1,18.835682151409486,2.563590574770056,190.51200000000009,0.0
138888906,CHA,C1CC[C@@H]2[C@H](C1)CCC[N+]21CCCC1,18.83339273996716,2.1370867524659074,212.44000000000003,0.0
139091167,CHA,CC[N+]1(CC)C[C@H](C)CC[C@@H]1C,18.828137568590115,2.4304414087473485,200.20000000000005,0.0
139053967,CHA,C[N+]1(C)C[C@@H]2[C@@H]3C=C[C@@H](C3)[C@H]2C1,18.816170933348936,1.7998552836342985,174.82400000000004,0.0
139191815,CHA,CC[C@H]1CCCC[N+]12CCCC2,18.804818887555953,2.743349902303011,190.36000000000004,0.0
138930280,CHA,CC[N+]1(CC)CCC[C@@H](C)[C@@H]1C,18.75155694349512,2.7839897539454603,200.57600000000005,0.0
138408439,CHA,C[N+]1(C)CCCCC1,18.7346144084118,1.159479901417696,133.58400000000003,0.0
138889512,CHA,C[C@@H]1CCC[N@@+]12CCC[C@@H]1CCCC[C@H]12,18.734321946286105,2.2725276298739967,228.91200000000006,0.0
139173086,CHA,CC(C)[N@+]1(C)C[C@@H](C)C[C@@H](C)C1,18.702724571033112,2.39457486923316,200.17600000000004,0.0
139220272,CHA,CC[N@@+]1(C)C[C@H]2CCCCCC[C@H]2C1,18.677558008208894,2.962047801070736,223.27200000000005,0.0
150676784,CHA,CC[N+]1(CC)C[C@H](C)CC[C@H]1C,18.676131599086908,2.1142045811397217,200.48000000000005,0.0
139179145,CHA,CC1(C)[C@@H]2C[C@H]1CCC[N+]21CCCCC1,18.652516122046734,2.3753456129847343,229.648,0.0
139189543,CHA,CC[N+]1(CC)CCCC[C@H]2CCCC[C@@H]21,18.638852497499368,2.6476002264991267,239.23200000000008,0.0
138884470,CHA,CC[N+]1(C)C[C@@H](C)C[C@@H](C)C1,18.62328500639587,2.390197153461936,183.80800000000005,0.0
138969971,CHA,CCC[N+](C)(C)CCC,18.617587399522208,1.000024611240554,161.24800000000005,0.0
139109163,CHA,C1CC[C@@H]2CCC[N+]3(CCCC3)[C@H]2C1,18.586639781680727,2.239122221932064,211.96000000000004,0.0
137333373,CHA,CCC[N+](CCC)(CCC)CCC,18.585869003576786,1.0047446454230025,228.5360000000001,1.0
137327444,CHA,C[C@H]1C[C@@H](C)C[N+]2(CCC[C@@H]2C)C1,18.552816420583934,2.8140659999530686,206.66400000000004,1.0
139159935,CHA,CC[N@+]1(C)C[C@@H](C)C[C@@H](C)C1,18.51963395176176,2.6880496417780058,183.81600000000003,0.0
139168192,CHA,C1CC[C@@H]2[C@@H](C1)CCC[N+]21CCCC1,18.50619870203361,1.9992569617460707,212.32000000000005,0.0
139176809,CHA,C[C@H]1CCC[C@H](C)[N+]12CCCCC2,18.49743599217091,2.9779595991498065,205.74400000000009,0.0
141620714,CHA,C[N+](C)(C)[C@@H]1C[C@H]2CC[C@@H]1C2,18.497392652476922,1.984862879710854,174.10400000000004,0.0
138752085,CHA,CC[N@+]1(C)CC[C@H](C)[C@@H]2C[C@@H]1C2(C)C,18.468977454653388,2.775233733899601,224.3040000000001,0.0
139185498,CHA,C[N+]1(C)CCC([N+]2(C)CCCC2)CC1,18.46763536194468,1.4223746385189326,223.23200000000008,0.0
138832401,CHA,CC1(C)C[C@@H]2C[C@](C)(C1)C[N+]2(C)C,18.452002829087647,2.9577499628693387,206.48800000000008,0.0
139189992,CHA,C[C@@H]1CCCC[N@+]12CCC[C@H]2C,18.42776899134337,1.714264577289423,189.64000000000004,0.0
139176218,CHA,CC[C@@H]1CCCC[N@@+]12CCC[C@@H]2C,18.426893735742954,2.4382813783431043,206.47200000000004,0.0
137320880,CHA,CC[N+]1(CC)CCC[C@@H]2C[C@H]1C2(C)C,18.418451565028256,2.7917030937186085,223.89600000000004,1.0
139159984,CHA,CC[N@@+]1(C)C[C@@H](C)C[C@@H](C)C1,18.415109137397927,2.2478359103450085,183.73600000000005,0.0
138883189,CHA,CC[N+]1(C)C[C@H](C)C[C@@H](C)C1,18.388971944796147,2.191301198909013,183.72000000000008,0.0
138691206,CHA,CC(C)[N+]1(C)C[C@@H](C)C[C@@H](C)C1,18.379840621346787,2.3443888742030388,200.42400000000004,0.0
138570424,CHA,CC[C@@H]1CCCC[N+]12CCCCC2,18.37133482202914,2.360973724072384,205.84800000000004,0.0
149999041,CHA,CC[C@H]1CCCC[N@+]1(C)CC,18.345660908977443,2.324932781490845,183.80800000000005,0.0
139098725,CHA,C[N+](C)(C)[C@@H]1C[C@H]2C[C@@H]1[C@@H]1CCC[C@H]21,18.339603238246767,2.0858319931156997,213.0720000000001,0.0
139051143,CHA,C[C@H]1CCC[C@@H](C)[NH2+]1,18.328511843895352,2.188370236905023,132.76000000000002,0.0
139164247,CHA,C[C@@H]1CCC[N@+]12CCC[C@H]1CCCC[C@H]12,18.31296121825324,2.7595743270399016,229.08000000000004,0.0
139172637,CHA,CC[N+]1(C)[C@H](C)CCC[C@H]1C,18.31222607816792,2.3159590288361143,183.56000000000003,0.0
139192165,CHA,CC[N+]1(CC)C[C@H]2[C@H]3C=C[C@H](C3)[C@H]2C1,18.286731921406513,2.232004633291619,207.92800000000003,0.0
137318437,CHA,CC[N+]1(CC)C[C@@H](C)C[C@H](C)C1,18.28482880305001,2.3711718528167607,200.52800000000005,1.0
138995131,CHA,C[C@@H]1C[NH2+]C[C@@H](C)C1,18.27958638171016,2.4973186512279257,132.81600000000003,0.0
139029818,CHA,CC(C)(C)[N+](C)(C)C,18.277319731170827,1.001737660780344,144.69600000000003,0.0
150516923,CHA,C[N+](C)(C)[C@H]1[C@H]2CC[C@@H]1[C@@H]1CCC[C@H]21,18.267076977235185,2.1635495309483166,213.0240000000001,0.0
139115936,CHA,C[N+](C)(C)[C@@H]1C[C@H]2C[C@@H]1[C@H]1CCC[C@@H]12,18.25233545599427,2.2796168529228247,212.97600000000008,0.0
139039473,CHA,CCC[N+]1(C)CCCCC1,18.24456015567464,1.28524501977463,167.12000000000003,0.0
138568120,CHA,CC[N+]1(C)C[C@H]2CCCCCC[C@@H]2C1,18.229661033410945,1.8354078159574128,222.91200000000006,0.0
138408361,CHA,CC[N+](C)(CC)CC,18.229450743589574,1.003518606223643,144.95200000000003,0.0
138996804,CHA,CC(C)[N+]1(C)CCCC1,18.212484126175394,1.4287481346331865,150.86400000000003,0.0
139049735,CHA,CCC[N+]1(C)CCCC1,18.19287080661181,1.2983295482480592,151.08000000000004,0.0
139126119,CHA,CC[N@+]1(C)CC[C@H](C)[C@@H]2C[C@H]1C2(C)C,18.1854651061276,2.7858915959066706,224.16000000000003,0.0
139097109,CHA,C[C@H]1CC[N+](C)(C)[C@H]2C[C@@H]1C2(C)C,18.17467952804432,2.5726658580174515,207.65600000000006,0.0
144453393,CHA,C[N+](C)(C)C12CCCC1CCC2,18.17221684376032,1.9927158201174515,190.32000000000005,0.0
138411442,CHA,C1CC[N+]2(C1)CCCC2,18.170066713386817,1.3206576838562896,140.01600000000002,0.0
139122737,CHA,C1CC[C@H]2[C@@H](C1)CCC[N+]21CCCC1,18.157052599400718,1.9994345265190518,212.16800000000006,0.0
137335041,CHA,C[C@@H]1C[C@@H](C)C[N+](C)(C)C1,18.121587906174632,2.009842485738541,167.00800000000004,1.0
138612220,CHA,CCCC[N+]1(C)CCCCCC1,18.106630716886002,1.312099577285046,200.33600000000004,0.0
138613036,CHA,CC[N+]1(C)C[C@@H](C)C[C@H](C)C1,18.106480160870365,2.2812237377681135,183.70400000000004,0.0
137323565,CHA,C[C@H]1C[C@@H](C)C[N@+]2(CCC[C@H]2C)C1,18.090558171175925,2.7298260591746457,206.5360000000001,1.0
138610791,CHA,C[C@H]1CCC[N@@+]12CCC[C@@H]1CCCC[C@H]12,18.089018483993033,2.6339125545267192,229.18400000000003,0.0
139083204,CHA,C[N+]1(C)C[C@@H]2CC[C@H]1[C@@H]1CC[C@H]2C1,18.07590047831445,2.8930868327366017,194.96000000000004,0.0
138993919,CHA,C[N+]12CCN(CC1)CC2,18.0635770940462,1.3427830112110737,136.69600000000003,0.0
138582809,CHA,C[C@@H]1CCCC[N+]1(C)C,18.033904106436623,1.4331862548885057,150.42400000000004,0.0
138616842,CHA,C[C@H]1CCC[N+](C)(C)C1,18.029234247588946,2.375641414186559,150.10400000000004,0.0
138584683,CHA,C[C@@H]1CC[N+](C)(C)[C@H]2C[C@@H]1C2(C)C,18.026667689500087,2.656990558282424,207.40000000000006,0.0
137350098,CHA,C[NH+](C)CCCCC[NH+](C)C,18.010829691715838,1.8085323981894084,193.86400000000003,0.0
138709168,CHA,CCC[NH+](CCC)CCC,18.002978575709292,1.2808394172785775,177.69600000000003,0.0
138971720,CHA,C[N+]12CCC(CC1)CC2,17.988665705173286,1.6815213342427646,139.48000000000005,0.0
138562761,CHA,CC1(C)C[C@H]2C[C@@](C)(C1)C[N+]2(C)C,17.98516404287161,2.5572752906245846,206.48000000000005,0.0
139157255,CHA,C[C@@H]1CCC[N@@+]12CCC[C@@H]1CCCC[C@@H]12,17.982782429178734,2.254955554677783,228.68800000000005,0.0
144926275,CHA,CC[N+]1(CC)CC[C@@H]2CC[C@H]1[C@@H](C)[C@H]2C,17.975116531551286,2.6919039574435764,239.34400000000005,0.0
138753981,CHA,C[C@H]1CCCC[N@@+]12CCC[C@@H]2C,17.96626024109219,2.586802865762505,189.67200000000003,0.0
139047312,CHA,C[C@H]1CCCC[N+]1(C)C,17.96009172416211,2.101608767195959,150.12800000000004,0.0
138897656,CHA,CC(C)[N+]1(C)C[C@H](C)C[C@@H](C)C1,17.959866297321913,2.1377875011255085,200.65600000000003,0.0
139175648,CHA,CCCC[N+]12CCC(CC1)CC2,17.94067341456887,1.7817878641321243,189.98400000000004,0.0
138937798,CHA,CC[C@H]1CCCC[N@@+]12CCC[C@H]2C,17.93635795047986,2.9042417280772046,206.7920000000001,0.0
139089165,CHA,C[C@@H]1CC[N+](C)(C)[C@@H]2C[C@H]1C2(C)C,17.929932402098576,2.7468620464922706,207.66400000000004,0.0
142917983,CHA,CC[N+]1(CC)CC[C@H]2CC[C@@H]1[C@@H](C)[C@H]2C,17.922103575649835,2.8800313860298883,239.22400000000005,0.0
137347416,CHA,CC[N+]1(CC)CCC[C@@H](C)C1,17.919406215384765,2.0065707930565857,183.84800000000004,1.0
149901830,CHA,CC1(C)[C@@H]2CC[C@H](C[N+](C)(C)C)[C@H]1C2,17.898615905099337,1.6204367779566584,225.904,0.0
138570402,CHA,C[C@@H]1CCC[N+](C)(C)C1,17.894776885095464,1.7283044641935028,150.39200000000002,0.0
137354590,CHA,CC[N+]1(CC)C[C@H](C)C[C@@H](C)C1,17.84641875816328,2.069395376218216,200.52000000000004,1.0
139179962,CHA,C[N+]1(C)CCCCC[C@H]2CCCC[C@H]21,17.840519243855727,1.8035088089257547,222.77600000000004,0.0
149377413,CHA,CC[N+]1(CC)[C@@H](C)CCC[C@@H]1C,17.820887015291618,2.7611457035602736,200.31200000000004,0.0
137318353,CHA,C[C@H]1C[C@H](C)C[N+](C)(C)C1,17.80773826522171,2.4576372540314693,167.00800000000004,1.0
138569372,CHA,C[N+](C)(C)[C@@H]1C[C@H]2C[C@@H]1C1CCCC12,17.797555001207655,2.011262287093503,213.3040000000001,0.0
143396746,CHA,C[N+](C)(C)[C@H]1C[C@H]2CC[C@@H]1C2,17.793947776781376,2.135209119612417,173.78400000000005,0.0
138981907,CHA,CC[C@H]1CCCC[N+]1(C)C,17.792390919087566,2.694966690817919,167.09600000000003,0.0
138691298,CHA,CC[N+]1(C)CCCCC1,17.787032071725587,1.2680219822419545,150.36800000000005,0.0
139168949,CHA,C[C@@H]1C[C@@H](C)C[N+]2(CCCCC2)C1,17.774107636631808,1.915424830209553,206.11200000000005,0.0
139172975,CHA,C[C@H]1CCC[C@H](C)[N+]12CCC[C@H]2C,17.748761238010285,2.8223669320731406,206.56800000000004,0.0
139131073,CHA,C[N+](C)(C)[C@@H]1C[C@H]2C[C@@H]1[C@H]1CCC[C@H]12,17.74730385246323,2.732050492070433,212.7920000000001,0.0
137343250,CHA,C[N+]1(C)CCC[C@H]2CCCC[C@@H]2C1,17.73778584905873,2.3440352494683503,206.03200000000004,1.0
139116209,CHA,CCN1C[C@@H]2C[C@H](C1)C[N+]2(C)C,17.704648493119038,2.994904140778969,186.09600000000003,0.0
139048889,CHA,C[C@@H]1C[N+]2(C)CCN1CC2,17.704030656110305,2.906050406247198,153.34400000000005,0.0
138612668,CHA,CC[N@+]1(C)CC[C@@H](C)[C@H]2C[C@@H]1C2(C)C,17.699046832520548,2.9107091270617462,224.40800000000004,0.0
137315958,CHA,C[N+]1(C)CCC[C@@H]2CCCC[C@H]2C1,17.69715461788805,2.3046849498147752,205.98400000000004,1.0
139144560,CHA,CC1(C)[C@H]2CCC[N+]3(CCCCC3)[C@@H]1C2,17.66817460879053,2.557893334630033,229.68000000000006,0.0
139047492,CHA,C[C@@H]1CCCC[N@@+]12CCC[C@H]2C,17.643869735494036,2.2178064030111946,189.48000000000005,0.0
138201020,CHA,C[N+](C)(C)[C@H]1C[C@@H]2C[C@H]1[C@H]1CCC[C@@H]21,17.615363086799672,2.0695872168152416,213.31200000000004,0.0
139085656,CHA,CC(C)[N+]1(C)C[C@@H](C)C[C@H](C)C1,17.61088244363332,2.304878423305257,200.47200000000004,0.0
139031120,CHA,C[N+](C)(C)C1CCCC1,17.610718146910468,1.0010281365565576,150.63200000000003,0.0
138831173,CHA,CC[C@@H]1CCCC[N@+]12CCC[C@H]2C,17.609384281361265,2.657154938655875,206.33600000000004,0.0
150505124,CHA,C[N+](C)(C)[C@@H]1[C@H]2CC[C@@H]1[C@@H]1CCC[C@H]21,17.606043213624154,2.3473119085404046,213.20800000000008,0.0
138818504,CHA,C1CCC2(C1)CCC[NH2+]2,17.602878134509574,2.277045826271852,139.23200000000003,0.0
137352528,CHA,CC[N@+]1(C)CCCC[C@H]1C,17.58245175813009,2.2511899231356445,167.00800000000004,1.0
139118272,CHA,CC1(C)CCCC(C)(C)[N+]12CCCCC2,17.569393594001934,2.111646828592887,238.84800000000007,0.0
139170439,CHA,C[C@@H]1C[C@@H](C)C[N+]2(CCCC2)C1,17.561713646976465,1.806068930355292,189.89600000000004,0.0
139089023,CHA,CC[N@+]1(C)C[C@H]2CC[C@@](C)(C1)C2(C)C,17.54622120205207,2.76260162313032,223.00800000000007,0.0
137361745,CHA,CC[N@@+]1(C)CCCC[C@@H]1C,17.504378043683573,2.0810266530194124,167.12000000000003,1.0
137347111,CHA,C[C@H]1C[C@H](C)C[N+]2(CCC[C@H]2C)C1,17.50260692826201,2.721454187150844,206.72000000000008,1.0
138834897,CHA,CC[N@@+]1(C)CC[C@@H](C)[C@@H]2C[C@H]1C2(C)C,17.49387385305743,2.52145340973963,224.12800000000004,0.0
138909622,CHA,CC1(C)[C@@H]2CCC[N+](C)(C)[C@@H]1C2,17.493113622266204,2.26457121868805,190.8160000000001,0.0
138993479,CHA,C[N+]1(C)C[C@H]2[C@H]3C=C[C@H](C3)[C@H]2C1,17.489917427938778,2.059263515045532,174.72000000000008,0.0
137368357,CHA,C[C@H]1C[C@@H](C)C[N@@+]2(CCC[C@H]2C)C1,17.453522607947324,2.649492248275352,206.66400000000004,1.0
139014285,CHA,CC[C@@H]1CCCC[N+]1(C)C,17.442110551190407,1.971092239672919,167.17600000000004,0.0
139131697,CHA,C[P+](C)(C)CCC[P+](C)(C)C,17.436157909567434,1.9471687266834987,211.48800000000008,0.0
138817955,CHA,CC[N+]1(CC)CCC[C@@H](C)[C@H]1C,17.428258707690638,2.703858896968734,200.5600000000001,0.0
137346659,CHA,C[C@H]1C[C@@H](C)C[N+](C)(C)C1,17.426022816641947,2.405591529363144,166.81600000000003,1.0
139095388,CHA,CC[N+](CC)(CC)C(C)C,17.425244459566063,1.6122041159521086,178.15200000000004,0.0
138754300,CHA,CC12CC3C[C@@](C)(C1)C([NH3+])[C@](C)(C3)C2,17.401247416787065,2.854449444275009,210.6320000000001,0.0
138408528,CHA,[NH3+][C@H]1CCCC[C@H]1[NH3+],17.39765349416238,1.466475176889916,131.12800000000004,0.0
138610731,CHA,C[N+](C)(C)[C@H]1C[C@@H]2C[C@H]1[C@@H]1CCC[C@H]21,17.38540442038315,2.5578841600093885,212.88000000000005,0.0
138609509,CHA,CC(C)[N+](C)(C)C(C)C,17.38411277187691,1.0339482998689886,161.28800000000004,0.0
137355890,CHA,CC1(C)CCC[N+](C)(C)C1,17.383336244949252,1.5988001523035913,167.15200000000004,1.0
137370380,CHA,C[N+]1(C)CCC[C@@H]2CCC[C@H]21,17.357123044704995,1.786866810486094,172.96800000000005,1.0
139073956,CHA,[NH3+][C@@H]1CCCC[C@H]1[NH3+],17.344932637341408,1.3702637759943246,131.09600000000003,0.0
137335187,CHA,C[N+]1(C)CCC[C@H]2CCCC[C@@H]21,17.34458463003501,1.9434531001041453,189.648,1.0
137364415,CHA,CC[N@@+]1(C)C[C@@H]2CC[C@](C)(C1)C2(C)C,17.34137791015385,2.157863849158732,223.24800000000005,0.0
140180619,CHA,CN(C)[P+](C)(N(C)C)N(C)C,17.329794569885586,1.5028317075393702,189.94400000000005,0.0
138889546,CHA,C[C@H]1C[C@H](C)C[N+]2(CCCC2)C1,17.329131364889413,2.2649444091275406,189.96800000000005,0.0
139155958,CHA,CC[N+]1(C2CCCCC2)CCCC1,17.309743829383113,2.265714643554978,206.87200000000004,0.0
137355549,CHA,C[N+]1(C)CCC[C@H]2CCC[C@H]21,17.309117330685865,1.7225509633574518,173.12000000000003,1.0
139591516,CHA,C[C@H]1CCC[C@@H](C)[N+]1(C)C,17.30620438177768,2.4061884293471434,167.10400000000004,0.0
139928277,CHA,C1CCC[N+]2(CC1)CCCCCC2,17.303490765323765,1.3230111440610617,205.50400000000005,0.0
138959744,CHA,C[N+]1(C)C[C@H]2CC[C@H](C2)C1,17.301420756946055,2.160345311900789,156.38400000000004,0.0
138609693,CHA,C[C@H]1[C@@H]2CC[C@@](C)(CC[N+]2(C)C)[C@@H]1C,17.286031752464663,2.6842815097854813,222.72000000000008,0.0
138686607,CHA,CC[C@@H]1CCCC[N@+]12CCC[C@@H]2C,17.28122616178627,2.377231286162921,206.41600000000003,0.0
138833491,CHA,C[N+]12CC[N+](C)(CC1)CC2,17.27828848771086,1.3451371812543886,157.16800000000003,0.0
139159969,CHA,CC(C)[C@@H]1CCCC[N+]1(C)C,17.26889370547374,1.5937087332766626,184.07200000000003,0.0
137328779,CHA,CC[N@+]1(C)CCCC[C@@H]1C,17.23726811324456,2.4013456828358186,167.09600000000003,1.0
139101801,CHA,CC[N+]1(CC)CCC[C@H](C)[C@H]1C,17.234198093330686,2.9628933722352286,200.68800000000005,0.0
150540945,CHA,C[N+](C)(C)[C@]12CCC[C@@H]1CCC2,17.227238913523554,2.073775137102464,189.904,0.0
138822045,CHA,CC1(C)[C@H]2CCC[N+](C)(C)[C@@H]1C2,17.221037547651,2.3448348941743467,190.7680000000001,0.0
137350089,CHA,CC[N+]1(CC)CCC[C@H](C)C1,17.204647624969606,2.5094010787224508,183.43200000000004,1.0
137320211,CHA,CC[N+]1(CC)C[C@@H](C)C[C@@H](C)C1,17.19084854261398,2.267051315630024,200.62400000000005,1.0
139123022,CHA,C[N+](C)(C)[C@@H]1C[C@@H]2C[C@H]1[C@@H]1CCC[C@H]21,17.156560119723345,2.6052078832385046,213.6080000000001,0.0
139629581,CHA,C[C@@H]1CCC[C@@H](C)[N+]1(C)C,17.14908345252521,1.6120924057258934,167.25600000000003,0.0
139146353,CHA,C[C@H]1[C@@H](C)[C@@H]2CC[C@@]1(C)CC[N+]2(C)C,17.128150858305496,2.5564492343334946,222.41600000000003,0.0
138967358,CHA,CCCC[N+]1(C)CCCC1,17.12004116769953,1.4192907144018791,167.69600000000003,0.0
139131241,CHA,CC[N@@+]1(C)C[C@H]2CC[C@@](C)(C1)C2(C)C,17.11649572145642,2.586178142884032,222.87200000000004,0.0
139192459,CHA,CC[C@@H]1CCCC[N@@+]1(C)CC,17.087967901017244,2.0353493012580346,183.80800000000005,0.0
139005529,CHA,CC1CC[N+](C)(C)CC1,17.087574323063677,1.5295096545194398,150.25600000000003,0.0
139078181,CHA,C[N+]1(C)C[C@@H]2CCC[C@H]1[C@H]1CC[C@@H]2C1,17.08547869859507,2.721725145598654,210.94400000000005,0.0
139626140,CHA,C[C@H]1CCC[C@H](C)[N+]1(C)C,17.0689463311777,1.9022391998344528,167.06400000000005,0.0
139120469,CHA,CC[N+]1(C)C(C)(C)CCCC1(C)C,17.046550116330593,2.5041033683308758,216.64000000000004,0.0
139085139,CHA,C[N+]1(C)CCCC[C@H]2CCCC[C@@H]21,17.04183579277183,2.2454691368741138,205.78400000000005,0.0
137339272,CHA,CC[N+]1(CC)CCCC(C)(C)C1,17.023200946318866,2.1604743260652954,200.42400000000004,1.0
139112855,CHA,CC1(C)[C@@H]2CC[C@@](C)(C2)C[N+]1(C)C,17.019550295402198,2.7855503758613778,205.76000000000005,0.0
150608068,CHA,CC1(C)[C@H]2CC=C(C[N+](C)(C)C)[C@@H]1C2,17.008098302799166,1.1930027961474854,220.23200000000008,0.0
139111972,CHA,CC[N+]1(CC)CCC[C@H](C)[C@@H]1C,16.997708969466288,2.8375906128235466,200.72000000000008,0.0
139121261,CHA,CC[C@@H]1CCCC[N+]12CCCC2,16.971290105301794,2.5944062754551767,189.92800000000003,0.0
139081160,CHA,C[N+]1(C)C[C@]23CCCC[C@@]2(C1)[C@H]1C=C[C@@H]3C1,16.967355467369106,2.5220974780114185,229.95200000000008,0.0
139615690,CHA,C1CC[N+]2(CC1)CCCC2,16.966660899525472,1.3230111440610617,156.17600000000004,0.0
139139522,CHA,C[N+]1(C)CCCC[C@@H]2CCCC[C@H]21,16.953026459058034,1.845565615128718,205.69600000000003,0.0
150556110,CHA,CC[C@@H]1CCCC[N@+]1(C)CC,16.940505389875582,2.0731709707714723,183.97600000000008,0.0
139165415,CHA,C[N+](C)(C)[C@H]1C[C@H]2C[C@@H]1[C@H]1CCC[C@H]12,16.920900831677475,2.8919719122213623,213.78400000000005,0.0
139134552,CHA,CC[N@@+]1(C)[C@@H](C)CCC[C@H]1C,16.915518486285954,2.8885036632584216,183.73600000000005,0.0
139130957,CHA,CC(C)[C@H]1CCCC[N+]1(C)C,16.914377002719693,1.7788219707622548,184.08800000000005,0.0
139165861,CHA,C[C@H]1[C@H](C)[C@@]2(C)CC[C@@H]1[N+](C)(C)CC2,16.900135245328034,2.5592231845071267,222.8160000000001,0.0
138827646,CHA,C[C@H]1C[N+]2(C)CCN1CC2,16.889744759160287,2.8606601835489345,153.38400000000004,0.0
139101824,CHA,CN1C[C@@H]2C[C@H](C1)C[N+](C)(C)C2,16.889539580284527,2.346891374929104,184.99200000000005,0.0
138409787,CHA,C[C@@H]1CCC[C@@H](C)[N+]12CCCCC2,16.88195888226317,1.9450562988494757,205.96800000000005,0.0
137318653,CHA,C[N+]1(C)CCC[C@H]2CCC[C@@H]21,16.880935724825868,2.1261595450523307,172.83200000000005,1.0
138897675,CHA,C[N+]1(C)C[C@]23CCCC[C@@]2(C1)[C@@H]1C=C[C@H]3C1,16.879875483803605,2.52940213050912,230.10400000000004,0.0
142769506,CHA,CC[N+]1(CC)CC[C@@H]2CC[C@H]1[C@@H](C)[C@@H]2C,16.872989424815213,2.8324585780565106,239.61600000000007,0.0
139195397,CHA,C[N+]1(C)C[C@H]2CCC[C@@H]1[C@@H]1CC[C@H]2C1,16.870972553784288,2.9993642825315883,211.20800000000008,0.0
138571092,CHA,CCC[N+]12CCC(CC1)CC2,16.869195237019042,1.9620252665400333,173.31200000000004,0.0
137369802,CHA,CC[N@@+]1(C)CCCC[C@H]1C,16.862078019418842,2.0378245046479297,167.12000000000003,1.0
138976672,CHA,C1CC23CCC[N+]2(C1)CCC3,16.837004208167492,2.123041993605285,163.36800000000005,0.0
137330243,CHA,CC[N+]1(C)[C@H]2CCC[C@@H]1CC2,16.834224113402826,2.6071801242051587,173.23200000000003,1.0
138993338,CHA,C[C@H]1CN2CC[N@@+]1(C)C[C@H]2C,16.810759426537093,2.9331627166736443,170.23200000000003,0.0
139025622,CHA,CC[N+]12C[N@]3C[N@@](C1)C[N@](C2)C3,16.808964470736427,1.7052277916660592,164.64800000000002,0.0
137372082,CHA,C[N+]1(C)CCC[C@H]2CC[C@H]1C2,16.797172133601453,2.3802969305373947,172.89600000000004,1.0
137323658,CHA,CC[P+](CC)(CC)CC,16.795437891498963,1.100528038171296,169.92800000000003,1.0
138201097,CHA,C[N+]1(C)C[C@H]2CCC[C@@H]1[C@H]1CC[C@@H]2C1,16.780488609553412,2.6051863870830765,210.87200000000004,0.0
137315299,CHA,C[N+](C)(C)C1CCCCC1,16.773417732127136,1.0015264289825456,167.44000000000003,1.0
143951472,CHA,C[C@@H]1CCC[N@+]12CCCC(C)(C)C2,16.766783645846058,2.3398909680244104,206.49600000000004,0.0
138406930,CHA,CC[N+](CC)(CC)CC,16.765354161740973,1.0241055570179505,161.18400000000003,1.0
139044638,CHA,CC[N+](C)(C(C)C)C(C)C,16.752417075640402,1.2715592396088835,178.38400000000004,0.0
139144538,CHA,C[C@H]1C[C@@H](C)C[N+]2(CCCC2)C1,16.733120458650248,2.1347475550330333,190.00800000000004,0.0
138584620,CHA,C[C@H]1CC[N+](C)(C)[C@@H]2C[C@H]1C2(C)C,16.73237046499267,2.3747633629635745,207.26400000000004,0.0
138712180,CHA,C[C@H]1CC[N+](C)(C)[C@@H]2C[C@@H]1C2(C)C,16.73142158691314,2.7066576526598665,207.60000000000005,0.0
139127838,CHA,CC1(C)[C@H]2CC[C@](C)(C2)C[N+]1(C)C,16.679863608875994,2.9184777731915545,206.32000000000005,0.0
138570657,CHA,CC[N@+]1(C)CCCC(C)(C)C1,16.643009260366494,2.417019140526614,183.78400000000005,0.0
138568085,CHA,C[C@H]1C[N@@+]2(C)CCN1C[C@@H]2C,16.641769184756612,2.346972814911401,170.20000000000005,0.0
139170797,CHA,C[N+](C)(C)C1[C@H]2CC[C@@H]1[C@@H]1CCC[C@H]21,16.634565349743404,1.9232110160941136,213.12800000000004,0.0
139082914,CHA,CCCCCC[N+](C)(C)C,16.630022677695006,1.000040666742547,178.20800000000008,0.0
137332097,CHA,C[N+]1(C)CCC[C@H]2CCCC[C@H]2C1,16.614809873822036,2.1056654450076966,205.96000000000004,1.0
138711803,CHA,C[C@H]1CCC[C@@H](C)[N+]12CCC[C@H]2C,16.608587809550354,2.953349533226357,206.41600000000003,0.0
139049805,CHA,C[N@+]12CC[N@+](C)(CC1)CC2,16.60391005047906,1.1791913497415296,156.84000000000003,0.0
139080631,CHA,C[C@H]1CCCC[N@+]12CCC[C@H]2C,16.58714205172555,2.082132733053508,189.84000000000003,0.0
138774620,CHA,C[C@H]1CCC[C@H](C)[N+]12CCC[C@@H]2C,16.586438010902548,2.044631666568048,206.20800000000008,0.0
138999876,CHA,C[C@H]1C[N@@+]2(C)CCN1C[C@H]2C,16.574378319530904,2.970495523857063,170.37600000000003,0.0
138774222,CHA,CC(C)C[N+]1(C)CCCC1,16.573064053783945,1.8106227630350216,167.41600000000003,0.0
137327169,CHA,CC[N@+]1(C)C[C@@H]2C[C@H]1CN(C)C2,16.548243750147677,2.7497070297182846,186.21600000000004,1.0
150402834,CHA,CC1(C)[C@@H]2CC[C@@]1(C)[C@@H]([N+](C)(C)C)C2,16.54420360204036,1.7103145791274397,223.648,0.0
138568323,CHA,CC1(C)[C@H]2CCC[N+](C)(C)[C@H]1C2,16.533970160354382,2.1075366674437053,190.74400000000009,0.0
138996751,CHA,C[C@H]1C[N@+]2(C)CCN1C[C@@H]2C,16.528529917826653,2.6488958801017644,170.36800000000005,0.0
137344508,CHA,C[N+]1(C)CC[C@@H]2CCC[C@H]2C1,16.507645125492427,1.9248622330617096,173.29600000000005,1.0
137343203,CHA,C[N+]1(C)CCC[C@@H]2CCCC[C@@H]2C1,16.50274877587878,1.6363037022261528,206.08000000000004,1.0
139117534,CHA,CC[N@+]1(C)[C@@H](C)CCC[C@H]1C,16.454977323302682,2.857415755615452,183.7680000000001,0.0
139151617,CHA,C[C@@H]1CCC[C@@H](C)[N+]12CCCC2,16.44051750566897,1.706483005544098,189.84800000000004,0.0
137351925,CHA,C[N+]1(C)CCC[C@@H]2CC[C@@H]1C2,16.419856332669635,2.4058977823792014,172.80800000000005,1.0
138817256,CHA,CC[C@H]1CCCC[N+]12CCCCC2,16.417653909844695,2.7116117894744094,205.87200000000004,0.0
138691970,CHA,C[C@@H]1CCC[C@H]([N+]2(C)CCCC2)C1,16.386409074534164,2.3948073070358293,206.60000000000005,0.0
138565816,CHA,CC[N+]1(CC)[C@H](C)CCC[C@H]1C,16.379364309154198,1.995621157603756,200.3760000000001,0.0
139095812,CHA,C[C@H]1CCC[C@@H](C)[N+]12CCC[C@@H]2C,16.37906184599446,2.8223669320731406,206.2800000000001,0.0
139123989,CHA,C[C@H]1C[C@H](C)C[N+]2(CCCCC2)C1,16.356039078557867,2.600658166816137,206.0240000000001,0.0
139162043,CHA,CC(C)[N@@+]1(C)C[C@@H](C)C[C@@H](C)C1,16.351930298523722,2.377222726172292,200.24800000000005,0.0
139077207,CHA,CC1(C)[C@H]2CC[C@]1(C)[C@H]([N+](C)(C)C)C2,16.34612305160787,1.7033585544620038,223.21600000000007,0.0
139173053,CHA,CC[C@H]1CCCC[N@+]12CCC[C@H]2C,16.33155315638879,2.6298233344091217,206.33600000000004,0.0
137361354,CHA,CC[N@@+]1(C)C[C@@H]2C[C@H]1CN(C)C2,16.325462219645427,2.5579705343647503,186.07200000000003,1.0
137360869,CHA,C[N+]1(C)CC[C@H]2CCC[C@@H]2C1,16.32242860013385,2.0738996935038827,173.25600000000003,1.0
138573587,CHA,C[N+]1(C)C[C@H]2[C@@H]3C=C[C@@H](CC3)[C@@H]2C1,16.315870150993092,2.114241525377328,191.20000000000005,0.0
139099735,CHA,C[N+]1(C)C[C@@H]2C[C@H](C1)C[N+]2(C)C,16.292447162755302,2.4529220978873694,189.82400000000004,0.0
139088667,CHA,C[N+]1(C)C[C@H]2CC[C@@H]1[C@H]1CC[C@@H]2C1,16.289697769918867,2.4120116530868585,194.91200000000003,0.0
138409925,CHA,C1CCC[N+]2(CC1)CCCCC2,16.279303497752895,1.3230111440610617,189.21600000000004,0.0
137344972,CHA,C[C@H]1C[C@@H](C)C[N@+]2(CCC[C@@H]2C)C1,16.235285961796613,2.9837736230403387,206.40800000000004,1.0
139154831,CHA,C[N+]1(C)C[C@@H]2[C@@H]3C=C[C@@H](CC3)[C@H]2C1,16.225355303898695,2.3195883794504577,191.23200000000008,0.0
138445192,CHA,CC[C@@H]1CCCC[N@@+]12CCC[C@H]2C,16.223976561772492,1.7754762672004951,206.7920000000001,0.0
138236733,CHA,C[C@H]1CCC[C@@H](C)[N+]12CCCC2,16.218869728942188,2.4329166740969894,189.62400000000005,0.0
137325752,CHA,C[N+]1(C)CCC[C@@H]2CCCC[C@@H]21,16.213393539778675,1.7594123939804551,189.51200000000009,1.0
139129576,CHA,CC(C)[P+](C)(C(C)C)C(C)C,16.194689464561794,1.4126330808319931,203.45600000000005,0.0
137330379,CHA,CC[N+]1(CC)CCC[C@H]2C[C@H]1C2(C)C,16.18447404043518,2.379636789123561,224.14400000000006,1.0
139104542,CHA,C[N+]1(C)CC2CCCC1CCC2,16.17598460734276,1.8544075315267323,188.48000000000005,0.0
137318080,CHA,CC[N+](C)(C)C1CCCCC1,16.16369987177754,1.6863957290715603,183.94400000000005,1.0
139190368,CHA,C[N+]1(C)[C@H]2CCC[C@@H]1CCC2,16.1405835923382,1.865117118979131,172.08800000000005,0.0
138409194,CHA,C[C@H]1CCC[C@@H]([N+]2(C)CCCC2)C1,16.125343439750846,2.864622639051225,206.48000000000005,0.0
139623557,CHA,C1CC[N+]2(CC1)CCCCC2,16.107820081997133,1.3230111440610617,172.80000000000004,0.0
139597716,CHA,C[C@H]1CCC[N+]12CCCCCC2,16.098154799526775,2.1884892086758563,189.61600000000004,0.0
137339084,CHA,CC(C)[N@+]1(C)CCCC(C)(C)C1,16.042379151300985,2.2169295634505706,200.40000000000003,1.0
139597711,CHA,C[N+]1(C)C[C@H]2[C@H]3C=C[C@H](CC3)[C@H]2C1,16.038369108586302,2.4240887674888443,190.72800000000004,0.0
137335110,CHA,C[N+]1(C)CC[C@@H]2CCC[C@@H]2C1,16.032065574161095,1.6115261362111162,172.84800000000004,1.0
138269351,CHA,CC[N+]1(CC)[C@@H](C)CCC[C@H]1C,16.031359457848403,2.3468487888187557,200.01600000000005,0.0
138609283,CHA,CC[C@H]1CCCC[N@+]12CCC[C@@H]2C,16.020235298234745,2.742500981922692,206.98400000000004,0.0
138950376,CHA,C[C@H]1CN2CC[N@+]1(C)C[C@H]2C,16.011495592448963,2.883994484406583,169.97600000000003,0.0
139187253,CHA,CC(C)CC[N+]1(C)CCCC1,16.00100365176694,2.0918499503497574,184.648,0.0
139133051,CHA,C[C@H]1CCC[N@+]12CCCC[C@H]2C,15.996557284473937,2.082132733053508,189.904,0.0
144479142,CHA,C[N+](C)(C)[C@@H]1C[C@@H]2CC[C@H]1C2,15.9691403068469,2.1289061438924595,173.84800000000004,0.0
138823302,CHA,C[N+]1(C)C2CCCC1CCC2,15.964311093867115,1.6664664179626172,171.87200000000004,0.0
139597718,CHA,C[C@@H]1CCC[N+]12CCCCCC2,15.946845605969155,1.927688903144238,189.27200000000005,0.0
137368906,CHA,CC1CCC[N@@+]12CCCC(C)(C)C2,15.93980429563139,2.5273058609610795,206.56800000000004,1.0
138689936,CHA,CC[N@+]1(C)C[C@@H]2CC[C@](C)(C1)C2(C)C,15.933914859965364,2.7034040831654984,223.00800000000007,0.0
139192692,CHA,C[C@@H]1C[C@@H]2CC[C@@]1(C)CC[N+]2(C)C,15.926762459889572,2.3074079028073062,205.8400000000001,0.0
137319538,CHA,C[N+]1(C)CCC[C@H]2CC[C@@H]1C2,15.913467119582029,2.297954976586936,172.92000000000004,1.0
137328296,CHA,C[C@H]1CCC[N+]12C[C@H](C)C[C@@H](C)C2,15.884010233355935,2.7147965958278912,206.62400000000005,1.0
138756017,CHA,C[C@H]1C[C@@H]2CC[C@@]1(C)CC[N+]2(C)C,15.87764662991685,2.538012743185695,205.83200000000005,0.0
139035798,CHA,C[N+]1(C)C[C@H]2[C@@H]3C=C[C@@H](C3)[C@H]2C1,15.855465573373351,2.023453198432156,174.67200000000003,0.0
137316211,CHA,C[N+]1(C)CC[C@H]2CCC[C@H]2C1,15.844656125482528,1.9055854748106524,173.24800000000005,1.0
138269359,CHA,C[C@H]1CCC[C@H](C)[N+]12CCCC2,15.837805589322965,2.7482335315793405,189.60000000000005,0.0
137327732,CHA,CC[N@+]1(C)[C@H]2CCC[C@@H]1CCC2,15.836249193289756,1.6524833236055798,188.82400000000004,1.0
137353805,CHA,C[N+]1(C)CCC[C@@H]2CC[C@H]1C2,15.835677963160007,2.0789215526040925,172.83200000000005,1.0
139138111,CHA,C[C@H]1CCC[C@@H](C)[N@@+]12CCC[C@@H]2C,15.7913297698339,2.9348516152515938,206.04000000000005,0.0
137369950,CHA,C[N+]1(C)CCC[C@@H]2CCCC[C@H]21,15.775039105644336,1.7717955165073151,189.31200000000004,1.0
139667403,CHA,NCCCCCCC[NH3+],15.774093657544013,1.7749277432259298,154.14400000000003,0.0
137362163,CHA,C[C@H]1C[C@H](C)C[N+]2(CCC[C@@H]2C)C1,15.764502156628772,2.9945915850395908,206.648,1.0
144215707,CHA,C[N+](C)(C)[C@H]1C[C@@H]2CC[C@H]1C2,15.701876279653687,1.6137463172422,174.17600000000004,0.0
137330737,CHA,CC1(C)CCC[N+]2(CCCC2)C1,15.687237161167875,2.2648485042723547,190.05600000000004,1.0
139184749,CHA,C[N+](C)(C)C12CCC(CC1)C2,15.67893701469784,2.1674466769740905,173.80000000000004,0.0
139668139,CHA,[NH3+]C12CC3CC(CC(C3)C1)C2,15.672796298538033,1.9297949107592949,160.60800000000003,0.0
138691980,CHA,CN1C[C@H]2C[C@H](C1)C[N+](C)(C)C2,15.65402563215796,2.3924218829431183,185.904,0.0
138691306,CHA,CN1C[C@@H]2C[C@@H](C1)C[N+](C)(C)C2,15.645249063293498,2.6991740891391687,186.00000000000009,0.0
139096898,CHA,C[N+]1(C)C[C@@H]2C[C@H](C1)[N+](C)(C)C2,15.632029671217152,2.3724068525270487,189.88800000000003,0.0
137315358,CHA,C[N+]1(C)CCC[C@@H]2CCC[C@@H]21,15.592319186027872,1.7896905853484402,173.20000000000005,1.0
137354588,CHA,CC(C)[N@@+]1(C)CCCC(C)(C)C1,15.551987342135758,2.438178070365068,200.36000000000004,1.0
139189745,CHA,C[N+]1(C)CC2CCC(CC2)C1,15.518709852369563,2.070396698015644,172.32800000000003,0.0
138822892,CHA,C[N+]1(C)C[C@H]2CCC[C@@H]1CCC2,15.504316881250146,1.841734657994173,188.46400000000008,0.0
139196346,CHA,CC1(C)[C@@H]2C[C@H]1CCC[N+]2(C)C,15.414825100648795,2.167304549937624,190.05600000000004,0.0
144202678,CHA,C[C@H]1CCC[N@+]12CCCC(C)(C)C2,15.413375054535427,2.7650540067001814,206.42400000000004,0.0
139191943,CHA,C[C@H]1CCC[C@@H](C)[N@@+]12CCC[C@H]2C,15.400721493153453,2.852115501756922,206.47200000000004,0.0
137351214,CHA,C[N+]1(C)CCC[C@H]2CCCC[C@H]21,15.383134548799374,1.662920889099907,189.57600000000005,1.0
139155468,CHA,C[N+]1(C)C[C@H]2CC[C@H](CC2)C1,15.366252421311716,1.5149174841890436,172.40800000000004,0.0
138929414,CHA,C[N+](C)(C)C1C[C@@H]2CC[C@H]1C2,15.360394647368311,1.4768805815082418,174.18400000000003,0.0
137365039,CHA,C1CC[N+]2(C1)CC1CCC(CC1)C2,15.262354214913467,1.801964165080288,195.19200000000004,1.0
139166121,CHA,C[N+]1(C)C[C@H]2CC[C@@H]1[C@@H]1CC[C@H]2C1,15.137958008902752,2.5021051348211647,194.85600000000005,0.0
139164268,CHA,C[N+](C)(C)C1C2CC3CC(C2)CC1C3,15.118368969654135,1.492449139574436,211.93600000000006,0.0
137331709,CHA,C[N+]1(C)CC2C[C@H]3CC1C[C@@H](C2)C3,15.08706005613363,2.708972050034681,194.33600000000004,1.0
139118747,CHA,C[N+]1(C)C[C@@H]2CC[C@H]1[C@H]1CC[C@@H]2C1,15.04903803886284,2.315407115088285,194.84800000000004,0.0
137366661,CHA,CC[N+]1(C)C2CCCC1CCC2,15.04044055180199,2.086390964080892,188.904,1.0
139915774,CHA,CC[N+](C)(CC)C1CCCCC1,14.950916800732243,1.2897891391978191,200.47200000000004,1.0
139171491,CHA,CC1(C)[C@@H]2CC[C@@]1(C)C[N+](C)(C)C2,14.94139793521456,2.200078086934584,206.21600000000004,0.0
137324864,CHA,C[N+](C)(C)C12CC3CC(CC(C3)C1)C2,14.925426569875135,1.6502971290092268,211.93600000000006,1.0
138570411,CHA,C[C@H]1CCCC[N@+]12CCC[C@@H]2C,14.924443264561827,1.83273195861948,190.06400000000005,0.0
139075595,CHA,C[C@@H]1CCC[C@@H](C)[N+]12CCC[C@H]2C,14.909451858404696,2.2019422722952817,205.17600000000004,0.0
139085044,CHA,CC1(C)[C@H]2CC[C@]1(C)C[N+](C)(C)C2,14.864453327032194,1.9306317377118918,206.12800000000004,0.0
139140007,CHA,C[N+](C)(C)[C@H]1[C@@H]2C[C@H]3C[C@@H](C2)C[C@@H]1C3,14.80646054332034,1.4873467240027027,211.7680000000001,0.0
137353088,CHA,C[N+](C)(C)[C@]12C[C@H]3C[C@H](C[C@H](C3)C1)C2,14.546646149773073,1.7102382703967285,212.136,1.0
137321042,CHA,C[N+](C)(C)[C@H]1[C@H]2CCC[C@@H]1CCC2,14.38564569586466,1.8411843605106388,205.7680000000001,1.0
