crystal_id,Axis 1 (Angstrom),Axis 2 (Angstrom),Binding (SiO2)
138955348,8.423292385451955,6.261781398291656,-2.3482574197436907
138960852,8.314858967766124,7.017388909244571,-2.7130218448554064
138948020,8.244334699282021,6.4991256195668425,-2.564670525833078
139037078,8.294695604873937,5.093913690063707,-2.9545998222044494
139052305,8.144317330725396,6.441666981601622,-4.1806151455715135
138689953,8.48852413006943,6.052625878796376,-3.6173694103234673
139016541,8.446464397425054,6.0355132182498785,-3.766385834789785
139065152,8.241899309563877,5.933077611871307,-5.5551972450314855
138406965,8.138974066247503,5.278029943146182,-4.093476469462402
138966561,8.44061568222485,5.39690012016646,-5.601288709242714
138564604,8.21657714002287,6.087818559406383,-5.965109856384474
139034960,8.232351203851156,5.3656842569056735,-4.222776066029256
138571331,7.998613709941024,6.785807462158521,-5.254963164021832
138906924,8.192377105798835,5.708002186764573,-4.187727614233289
139075264,8.192368410655796,5.708062792377127,-5.977398601433419
139067400,8.058168251774696,5.391129588829418,-4.499086505764807
139049792,8.036942962549652,6.14988212290042,-5.70898393031552
137363093,6.393818900785918,3.9416656344472414,-6.648023836359588
140155037,6.863079430746027,6.0537999905001225,-5.041039486287635
139120746,7.974406779141026,6.249918191624117,-6.967652671924058
138962334,8.036511995540288,7.184008153901218,-4.488681395294812
138750009,8.161370924166878,5.9921284681452125,-6.735151095039692
139065937,8.240928025423003,6.2250593323903525,-6.790103717056775
138691291,8.22586066360789,6.5628137406262335,-5.998974888979889
139064593,8.4118262097525,6.426773520188236,-6.766521231778724
138954427,8.243696431601268,6.2682441968881415,-6.440968090614388
137366694,5.86077160580971,4.272524639663562,-6.971430742077013
138612364,8.240126870403655,6.617634248508687,-7.386286644580798
139148582,8.159824452612957,6.2216606635023535,-7.257486841950159
137370759,6.240938118199383,4.060899742777224,-6.975516278769803
137351139,6.938274082786246,4.245348466791992,-7.1322591133230695
137360537,5.553970275697284,3.908079629580813,-7.421755397133268
137350692,5.9466942766083095,3.9780268648779202,-8.559537364879798
138826957,8.294662921631513,5.093870802570142,-7.35197349129616
139192668,7.2774808340085935,6.220125622456554,-8.186683718092063
139114911,8.240991554965996,6.224969214454916,-8.583143060236576
137341611,8.064675577457903,5.985657585473392,-8.896637386219977
144830015,7.685997954382097,5.798363834905926,-8.704815519385992
139073385,8.209978816827569,5.076901949567653,-7.707775046998208
138835578,7.628731450128522,6.623126028981504,-8.218783364223473
138946790,8.245683539345302,5.602498389269829,-7.5852899134744955
138608394,8.291944607409143,6.251775714308064,-8.184847254112011
139629086,6.652462452594903,4.318030497414272,-8.163305754882161
138950333,8.342541965602427,6.3534131125553,-7.549910275831832
139586772,5.826440973652092,4.484076360832037,-8.228597475332307
138979016,8.245757433235596,5.602515584291087,-7.88782693816488
139169463,8.443217221871054,6.051484646656778,-8.842420250324563
142725961,8.186892826297258,5.672469402310593,-9.02391899240554
139187046,8.239996558522568,5.062769243451585,-9.131227870192813
139609395,6.155487147352433,4.9074751396863086,-8.141720247627719
137361773,5.961721014534807,4.917200553465372,-8.069313190757805
138568080,8.151827673762604,6.125434848904048,-8.932703088061407
139168880,7.010247378586903,6.764008273161358,-8.713977738178832
139138333,7.157391116685679,5.9206917120894005,-9.248707533139918
137341031,8.064693411364349,5.985630396307231,-9.399808120833262
139085975,7.6280877710432575,6.638278103846508,-9.111512328764196
139098295,6.959852983179015,6.625717713279357,-8.732534705375738
139171153,8.343670357334943,6.352346925026888,-9.096190567811147
139074275,7.958688560397839,5.092298007696292,-9.866714876281105
138269710,8.025708054969407,5.950711509363861,-9.028615602765532
141665605,8.158963041330244,5.490638609293057,-9.692767209026892
139188888,8.488490198144072,6.05263873689106,-9.169151852416203
138833255,6.959998635296407,6.625653057178012,-8.881682885901158
139163782,7.37667865003666,7.018502272462585,-8.645519584073854
139033677,8.075328191997983,6.185241714915778,-8.132401186593647
138932836,8.226594539318826,4.302230942536664,-10.448365667956509
139149422,8.025653575777191,5.9507323897850055,-9.174551679919952
139170470,8.016009366715892,6.481692100639353,-9.57686178441252
138616859,8.361808009164818,4.3187274081714735,-8.418747171238014
137353584,7.157167742422067,3.840348360439071,-8.664427141386561
139004072,8.443512094033844,5.745560870855103,-8.343402618926643
137345564,5.800371911093679,4.2816920342538385,-10.067645144542894
137351360,5.8418548927962135,4.257065779617991,-10.050770827651665
138756609,8.051929099153938,6.603203841188109,-8.590273753902459
137317674,5.842319015474732,4.25779622712577,-9.921915733574693
137335474,7.031276024109566,6.9918430996255685,-8.031549802982331
138352258,6.518037504786823,4.9992707509013465,-9.588266804372607
137363558,7.345506627785545,6.112857276464488,-9.717927818851747
137331295,5.721621953004208,4.196396162284753,-9.978520264603773
137359026,5.8607857883667975,4.272426696628028,-10.160524053710354
137337027,6.1593915184356245,5.721829237925053,-9.070528100336393
139093794,8.225880982126167,5.023254883562647,-10.417468818493255
138883114,7.7739796238916075,6.689891790130871,-9.897420470407102
137337292,7.846641221294807,5.986043134535026,-10.408905961122283
137323528,5.783845849803798,4.299133325616607,-10.209571962006976
139091306,7.1901901326140045,6.293334631809605,-10.013190279549745
143161536,8.186827250495316,5.6723253198473635,-10.524790426981905
137345233,7.627643164906582,6.7325979573536845,-9.849489728060805
139153410,7.776163597015038,5.962936424314576,-9.745766244610987
137354280,6.665329520466052,4.194841346077534,-10.60540650812836
138617563,8.255295494812593,5.677521108918202,-11.020184069915995
139670995,6.850313114092574,4.805820294529113,-10.660710899526196
137324224,7.893840856015181,5.959988680185306,-10.667735620153463
139121248,8.189845051041141,5.736199931116418,-9.953038063860783
138808839,7.100092865383616,5.914305512551526,-10.148996148979963
139591563,5.860298292765311,5.291562500666291,-10.12668584939309
139087771,8.368132757431416,6.278483574032808,-10.026833008396464
139006562,8.073559641099628,6.808510595419882,-9.357697077923557
139092965,6.968908651886423,5.149535114964747,-10.388442765701626
138447895,7.802270630614113,6.874967060149549,-9.238057296364657
139154447,7.8043466032058815,6.6056451272593675,-9.96338691803137
139044723,8.188957389629993,4.94034875155959,-9.646691370076518
137326940,6.583340048184523,4.2098827811492745,-11.031695572142718
137318188,5.788531037695522,5.187865077445032,-10.080650855893094
137494485,7.208486841814881,6.298766939033941,-11.110581028340327
139159518,7.802271095321653,6.87502192458002,-10.287317739013943
138818960,5.99190814358495,5.931584196265278,-10.42716100968496
138883121,6.5363781411637545,5.9498098115439335,-10.404183192521137
143795340,5.9337786637981385,5.6028555347564994,-11.288724305951845
150474341,8.398405714459166,4.839317736908382,-12.638253081897911
139174209,7.53051486203068,5.114274058236287,-11.06685865385422
138570249,7.177596468763161,5.0526750667160085,-10.70184773556196
138236657,7.4059316641475155,4.834666941236557,-10.972931431729867
146434279,7.77755286326696,4.856909442655836,-10.100885595526966
137370839,6.046087192684113,5.8276666229556575,-11.107326096209679
139098511,7.379777109233898,6.778469592073059,-10.307459959950483
137445124,5.8063347228406474,4.3150122856954045,-11.47149349162803
138612368,7.445711681705572,6.595528964324613,-10.587837416558461
138557371,6.243776218452598,6.078777367025444,-9.77428170247142
139144268,7.707959539562353,6.771762662289425,-10.645857628384585
139180548,6.736639823445122,6.050134453503147,-10.64364066384082
139018135,7.229784105809162,4.144994567417761,-11.005533632349515
139125773,7.248294274386581,6.415935771576756,-10.75986422198275
138269685,6.037152284121766,4.0752171266888215,-10.976191027317407
137328546,5.990529728826215,5.880426919635795,-11.226827180127053
137350726,5.924624246433253,5.6886383276321535,-11.40777217689945
138999901,6.8905429104200575,4.213093831799308,-10.367053043233966
139104531,6.935737968111716,4.258446464275998,-11.640034604207912
138888906,8.225969112896706,5.536285638533911,-11.397839576462376
139091167,7.870485267954245,6.556888094727434,-10.887400603005162
143542303,7.558777030013991,5.534244613754266,-11.616466189705115
139053967,6.890477450143623,4.213041774757274,-11.753570912295622
137368897,7.199630962058452,4.556354760529533,-11.442481938435268
139191815,7.339437550049743,5.506970158727817,-11.331224881522946
137341781,5.915868205066838,5.427171641283766,-11.265724323966866
137355603,6.94382949349183,4.397562478043488,-10.98805244962296
137371867,5.948183249082772,5.309944437064091,-11.646890743547205
137371536,8.239396445488122,6.450844548045597,-10.151209682934727
138930280,7.2607652084947825,5.462990443298235,-11.695673719247305
138889512,8.073480345338865,6.808490497923343,-11.155099915910338
137355845,6.0544691724205375,4.3227590841897365,-11.195025995239412
139173086,6.8467575429373415,6.1381318382516215,-11.100115507341993
137319601,8.188444686516451,5.020599221967071,-11.436932263875685
137339636,7.765536903549345,6.818184655863168,-11.449212941680171
150676784,7.100743599570737,5.643882717866184,-11.962009212212775
139179145,8.463124208359877,5.768122994383768,-11.456011645455066
137360262,7.741494601703716,4.213945070112532,-11.311529789620984
138884470,7.144531422939358,6.301884145760679,-11.964394784846014
138969971,7.389666175142175,4.935921785396137,-11.944692188530615
139109163,8.082041858745708,6.685415682773372,-11.224915135982917
146598010,7.952012590776036,5.128851720091324,-12.292735762006282
137327151,6.373083336463977,4.983581109970065,-11.774635961675472
137364189,5.915676584174667,5.42714646507236,-11.585500648057193
150197766,6.912397085690357,6.1633104822490985,-11.918414332350967
137327444,7.618926514720693,6.7561892792805,-11.36838488765502
138449878,6.294718913080692,6.2747727138768825,-11.158473551780947
139181938,7.576667823262224,6.405993275913413,-11.452196776874684
139159935,7.14268912658302,6.343230143511929,-11.162350170963443
137341316,6.219107354202883,4.843991718639646,-11.622870054126228
137447610,6.5387085807545375,4.013966753813516,-11.696255311290164
139168192,8.29956092258612,6.22211657280558,-11.57564333296802
139176809,7.382148400368629,6.090954150057351,-11.525379977706294
141620714,7.231806137563836,4.0532624366974375,-10.6793627171489
139667593,7.110801767096348,4.584691664804528,-11.950328673072953
139135525,6.9825690346327365,6.824605246487545,-11.87765904213652
138752085,7.725872440163856,6.875645000731112,-11.34827059385715
138832401,7.481877521387412,6.3499295468859325,-12.128124040716429
139189992,7.322227877495989,5.70854598114527,-11.76898998941037
139176218,7.144520471527582,5.83275279352617,-11.767017427531991
137320880,6.92065386389673,5.122231815373986,-12.118758479120386
139159984,7.864833244860831,6.5538455635061705,-11.38922292852782
138883189,7.997411084431289,5.694661510087999,-12.273546923196394
137319529,5.9481699507837575,5.309939422084968,-11.989820488076186
138691206,6.844579706701674,6.110799052927272,-11.603370130577106
138570424,7.962994338247979,6.543754319106202,-11.69212807149968
137366751,7.306244786072518,6.79732902977687,-11.506181302754465
138557462,6.1898192216659425,5.162387892915131,-11.345748574906422
149999041,7.276985914179923,6.554932170400938,-12.607017166953804
139586201,5.953338470688058,4.959125947540242,-12.207743535755887
139051143,6.776848602800357,4.978346671070413,-11.989688088781676
138954138,6.632004504238233,6.1751203147435945,-11.591485498192794
137360278,6.652462696575812,4.31792161578204,-12.447205482922227
139686735,5.8554069976328575,4.580974707677717,-12.406132675614113
139164247,8.216564006849598,6.087836063719587,-12.064527406457074
139172637,6.108556257979897,5.9514999081442586,-12.097122719097266
139192165,8.067265852851184,5.103539310901882,-12.48811236228849
137318437,6.5278039861827,6.243968903728616,-11.741527186346051
138995131,6.199534557149647,4.897448531802699,-12.291290170761366
139096086,7.100997028851905,6.015132474907796,-11.812374772496831
137345173,7.588502610512467,4.1713443679240685,-12.208787748086838
137317733,8.331303234335625,4.031999701770388,-12.152265443988073
139115936,7.962762098809612,5.058606564330342,-12.718423347282162
139039473,8.490167281727881,4.681241996124706,-12.792982589526801
139082528,6.983877101731312,5.261467005789067,-12.075924680790402
138408361,5.800276111407506,5.011259330673021,-12.284260438257984
139180228,7.203159673613678,6.422312128425182,-12.043112168983654
138996804,6.103858524055902,4.346190024993226,-12.560858591845136
137444219,6.8374007944362525,4.861528730297144,-11.989490481494474
139049735,7.57556899514562,4.348878747606132,-12.851711137578704
139126119,7.707919503617388,6.771713076281043,-11.982334808852372
139097109,7.228014782457678,6.037229568671313,-11.943833871241589
144453393,6.332569618910978,5.569804968818492,-12.763006746006393
138411442,6.434078595825036,3.9994981517351063,-12.631594737456114
139122737,8.226056242680201,5.536295757602747,-12.408196737733727
137335041,6.708707676438963,5.588557070589681,-12.497181606758867
138613036,8.000191253639692,5.686565786302628,-12.723854934535645
138447423,7.6829852675850665,4.45275773420176,-11.942017240354199
137323565,7.732967516900373,6.673597771651356,-11.70483526800323
138610791,8.024242983113082,6.470091240089988,-12.344677827756646
137344393,6.076579163081093,5.134707339585714,-11.45918014282355
139075549,6.6429911277058125,5.716117437504533,-13.666632922929535
139083204,6.498768333144202,5.440847860212684,-12.792749711496384
137497211,7.181262334873448,4.185986641533758,-13.003363192455199
137331027,7.8211674806060625,5.53261092308216,-12.625447336364779
137332330,8.200212938509395,3.837826623428577,-12.27077096025458
137317916,7.231220338125688,4.297691736338612,-12.404745163169075
138582809,5.7112189938389095,5.215126731810548,-12.561673678352356
139126347,7.038527746475058,6.71435509017396,-12.44920441745358
138616842,6.724222240315485,5.025549407672264,-12.673110037143381
138584683,7.2427562398655665,6.370511376809177,-12.243019371279573
137368811,7.997520452599367,6.901788557170031,-12.027471416855787
138709168,6.193445950761649,5.9799489022026275,-12.556599354782314
137350184,7.259328801396794,4.079669058108344,-12.932641814457815
138971720,5.554159326531766,4.043522922894612,-12.732923964594267
138562761,7.4691570936753555,6.34791021075889,-12.701126558714831
137350135,7.108146684918285,3.856290052630688,-11.873392139851356
139157255,8.443566825221799,5.7456016307142725,-12.367378410446172
144926275,8.158963269562344,5.490677894121349,-13.034264785779786
138753981,7.322309007396378,5.708472206239767,-12.633238766833966
139047312,5.7112090710591525,5.21516315507915,-12.784427799400227
138897656,7.562505707077039,6.149511465157926,-12.307885109060203
139621674,6.155588291426279,4.907492074950401,-12.740704781678732
139119047,7.6225568489921605,6.81472416243091,-12.134914784452725
137325807,7.84423290145754,5.3615121633352825,-13.012632563551595
138937798,7.503208206853702,5.388782369074166,-12.522047668355649
139089165,6.753430956787874,6.092874841105754,-12.256048882341068
142917983,7.686025462366199,5.798350862893202,-12.988477143107655
137347416,7.810662507081562,5.376933386230032,-12.858484272744832
149901830,8.326340750821734,5.644408663872706,-13.283747805057466
138570402,6.724134635342658,5.0255366384515945,-12.854983597875025
137354590,6.527747045236106,6.243917152313503,-12.52799121741574
139179962,7.772717194049653,6.696490498865659,-12.835710334413754
149377413,6.845091597043469,5.082867025262766,-13.025056977675204
137326383,5.952451792883228,5.925617438552573,-12.558883859047187
137318353,6.708701283010296,5.5886345209691966,-13.001560578740088
143396746,6.7717591212354735,4.377566100595695,-13.378079166647911
138981907,7.153693755827954,5.766695917111652,-13.13738660288076
138691298,7.274169272387514,4.559081209396839,-13.214031026808572
137315497,8.20445842317421,5.056440206194643,-12.607107782746306
139168949,8.37821899932877,5.551018126801443,-12.785281185217595
139172975,7.186195560389818,5.738223734414109,-12.826712783893305
139131073,7.451837583858405,5.694051242821537,-13.502537907307564
137336142,7.139601392354448,4.3310511385495385,-13.148364460906278
139116209,7.983221394966597,5.2274789408481315,-13.616873489031374
138352948,8.368898203260057,4.374370974563004,-13.217478339938411
139048889,6.58861119804822,4.581539105768295,-12.544085396925235
138612668,8.36813737027923,6.278364840782298,-12.673424525670088
138827640,6.807240341835527,6.023859864905555,-12.884304279299224
139144560,8.462747716996503,5.740108058650223,-13.018259908790359
137331956,6.172133198378184,5.809785100301036,-13.037347009194988
139047492,7.105241667776773,5.418846133239469,-11.43213075253621
139085656,7.561162590265237,6.14928540811678,-12.923466891765035
139031120,6.166006447532103,4.108015328640572,-13.526926795414422
138831173,7.029392986306482,6.714552192759857,-12.987255558604385
150505124,8.294651522364335,5.3469689649314365,-13.897832269667509
138818504,6.563733528604318,3.988220642432514,-13.353944678157207
137352528,6.892045114102503,5.350063486252738,-13.26942016447552
139118272,7.625730890526768,6.605344198700483,-13.134406466289988
139092900,7.3388494759090594,5.343796982310656,-13.11088436473876
139170439,7.621157684930488,5.9379920933382415,-12.982234945193474
139089023,8.047927556870151,5.225447485479876,-13.062459349560447
137361745,7.217249962388274,5.930827711933,-13.239661010893624
137347111,7.748741367007737,5.964562693598057,-13.1080111392383
138834897,7.8587040361698755,6.28516562055662,-13.01106207742558
138909622,6.854605158099314,5.256737872313375,-12.955541907339425
138993479,7.015491923936957,4.258509418094528,-13.66832589180374
137368357,7.220958909492163,6.801528978708358,-12.895119532766069
139014285,7.205887474977009,5.790507428858334,-13.594926295849845
138808600,6.011232006300127,5.817525107225037,-13.585615945295663
138817955,7.065799000352616,5.209621316192909,-13.78868743712824
137346659,6.842885070564913,5.790008348597878,-13.070007610232256
139095388,6.003639889369049,5.0165361879036885,-13.598160671247875
139609070,7.505889851041294,4.329298742957049,-13.482947903995507
138754300,6.883304757491572,6.008030039755299,-13.467928168882544
138408528,5.919726398477647,5.023452676157689,-14.261655078500793
138610731,7.438727117717887,5.790633783847548,-13.968899654728162
138609509,6.74011018063305,4.557310954150374,-13.587620266923855
137355890,6.795199387064588,4.064157982183674,-13.526471116708775
137370380,6.148878982542423,5.581336599049472,-13.139387922743545
137366205,6.066269404949168,4.24892829201588,-13.282290019140673
137335187,7.260988787486794,5.785149923891421,-13.24971855981474
137364415,8.050276553829566,5.479641919090909,-13.569906232968373
140180619,6.106110657542358,5.935688004408128,-13.724871164767967
138889546,7.639114761804737,5.9720861863542485,-13.406202679714069
138754431,8.158885790301955,5.490594497237799,-13.60423179533675
137365048,7.096362368098598,5.828614931884773,-12.655521782517708
140167576,6.702373303388632,6.048463921237272,-13.948804336375725
139155958,7.879483299967166,6.072622452923957,-14.102804147001883
137355549,6.2560529619399725,5.139536155352632,-13.224407272088234
139591516,6.867836439575509,5.892137149429848,-13.51488108615556
139928277,8.43781825534484,5.014212825332518,-13.925312413287187
138959744,5.8715640210652165,4.4221827752653455,-13.877562071680089
138609693,7.127569534305493,5.977925749789822,-13.512897133649574
138686607,7.512234647968278,5.356362622549963,-13.464898529964454
139159969,7.240115515074122,5.870841083359813,-13.235876669195195
137328779,6.001769305815027,5.881095580006975,-14.07321620125276
139101801,7.264552760157485,5.461450289761872,-13.938040086118875
150540945,6.143696896150982,5.966458296219733,-14.055093364374292
138822045,6.885049821378665,5.833335959240147,-13.446035570308895
139105662,7.972640138379947,5.239210759669376,-14.110734784340705
137350089,7.00195584963609,5.904184358159593,-14.001747758895874
137320211,7.0848484445009605,6.515657043504564,-13.392984700668936
138356377,6.018096277990082,5.429548843033691,-13.004794739726329
139123022,7.945351243814589,4.876191782403217,-14.414857330785505
139629581,5.815951528445172,5.4813241158694295,-13.825383616905874
137316072,6.648585308558879,5.896800647498198,-13.51399130393296
139146353,7.100499073880463,6.006896501587644,-13.647238972418965
138621641,8.463542082009901,4.31183462383926,-13.92238963185641
139131241,7.931463974104383,4.964889046900349,-13.919026636172054
139192459,7.014853952502303,5.734958604432089,-13.522858358063695
139005529,6.834985651903213,4.2858503622586,-13.433464820122865
139078181,7.019062599018664,5.850553128594448,-14.404720717508338
137358208,7.946325020782837,4.5138696111674745,-14.113893391964359
139626140,5.815965449289784,5.481337280080936,-13.932995110165699
139159926,6.436265228237888,6.064858590586742,-14.420819453268892
139120469,6.2215785680197655,5.923327031620952,-14.059667920809677
139085139,7.4260806739190315,6.219978329346072,-13.785558739952569
137339272,7.306636392630391,5.127019971498116,-14.500268169299336
139112855,6.99879303755545,5.355000320104173,-14.194723161283946
137353520,5.695166080971428,4.961259430711749,-14.797617982600071
139111972,7.063212432705089,5.218734611133778,-14.388954990094962
139121261,7.2880149116281,5.4920752508134925,-14.104274744024513
139081160,7.280309594880707,6.3143969350509135,-14.086538277233126
139615690,7.203175753491005,4.31987705576658,-14.393158238873115
139139522,7.5142253114220035,6.188447176075683,-14.016840930054775
139181401,6.417936210144212,5.7215802225325225,-14.496066475006812
150556110,7.159640892205224,5.8408035911631835,-14.6401024614757
139165415,7.942916965498023,4.8651860330735595,-14.822437168414213
139134552,6.11043210066982,5.847756382287858,-13.975898860349668
139130957,7.270405831047232,5.8338427468586485,-13.736116394324405
139165861,7.042102837454952,6.08239529383356,-13.972489766125493
138827646,6.5886269582024095,4.581577824744786,-13.857968932595238
139101824,7.265969150925107,5.0325151978013976,-14.163446722507205
138410239,8.316590037624053,4.7857768924334945,-14.264681956866827
138409787,7.359417251192276,6.03187170078688,-13.985525307519195
137318653,6.118778179368903,5.5724328590540395,-13.780104425046847
138897675,6.474891227914351,6.240891183851381,-14.260731526417684
139061582,6.593288691575912,5.459729147370527,-13.820259898214342
142769506,7.558766697108548,5.53427628898012,-14.712135396533348
139195397,7.014540022744923,5.85954345088137,-14.607251033924884
138571092,8.204805773119894,4.613956433872153,-14.106634828453481
137369802,6.001911810333128,5.881077734429015,-14.543480886905876
138976672,5.708913876728826,5.4506044554291915,-13.939776500186698
137330243,6.117753047882355,5.240838106808374,-14.643619163628552
137447579,5.854687893510842,5.7138147145550695,-13.801984346522048
138993338,6.580892976554692,4.6898905642450135,-13.891101775650634
139025622,7.116545703080987,4.665898310972838,-14.173952526124936
137372082,6.105515650758942,5.339243786808972,-14.047164656741836
137323658,6.455837759536508,6.4490365980214825,-14.682730826487315
138201097,6.6492368456245625,5.960636213664883,-14.781177581615518
137315299,7.238181698185092,4.339457827575644,-14.673041744266891
143951472,7.954777741090617,5.116532531394318,-14.800911294445285
138406930,6.7608672473875355,6.759478726984877,-14.289698160335641
139044638,6.559204226269243,5.603446249833244,-14.595800156638322
139144538,7.329497640054576,6.8290388885319535,-14.10110324489063
138584620,7.24276958915954,6.370571342204866,-14.13991422198306
138712180,6.753373392516103,6.092938274132157,-14.02803679129122
138936790,6.419956923315281,5.738967769891066,-14.934533513567194
139127838,6.995143750659026,5.525290599578448,-14.650568491702067
139153604,8.461357256047762,4.253173599995908,-14.630559581310301
138570657,7.366607818518764,5.505205302639826,-14.939146369312644
138568085,7.010153993229302,5.337087168949383,-14.242012115470937
139685655,7.821210798418955,3.968991427286831,-14.431790691329761
137332097,7.562245424541488,5.4823390927751445,-14.877686643586447
138711803,7.2577582378012755,6.704809368085966,-14.63049032629466
139026933,7.01012632030252,5.3371092857969655,-14.343571620896268
139080631,7.261547703214459,4.975170213701562,-14.452783296318204
138774620,7.155711450207889,5.947070187848403,-14.65085843007626
138999876,6.558144114769893,4.972431650640077,-14.331857606712148
138774222,7.8010562867351,4.247112392467434,-14.581748973287734
137327169,8.17593039234797,5.027201920447343,-14.78856213886798
150402834,7.955176146385733,5.232903188138002,-15.111949881529634
138568323,6.8708917281714115,5.370329584663038,-14.29354004480442
138996751,6.593286407763253,5.459660367572862,-14.325979962483082
137344508,7.605562162133089,4.849148895223914,-14.413248813364193
137343203,7.547115235825863,5.537810258843024,-14.726580132766696
137364083,6.413563763520727,5.455873820031494,-15.414778693896064
139117534,6.972284739029278,6.803784248343447,-14.51887241430101
139151617,6.9222917875000824,5.649759100762979,-15.290653524414527
138894475,6.620183107777767,5.22700147977905,-14.816331390016101
137351925,6.106345950607097,5.763911781904082,-14.535242622218359
138817256,6.967395312162597,6.2061555958783305,-15.060923059404663
138565816,7.0563808904125285,6.090104827335432,-15.362640414535345
139095812,7.259411862520006,6.7070953779601155,-14.869050993404903
139123989,8.382179571540476,5.616602397434101,-14.901698086497897
139162043,7.129536156496828,6.827139600366392,-14.716253657829151
139077207,7.947916188240661,5.335281458151048,-14.983100817784926
139173053,7.144585050960567,5.8270905302521205,-15.078354739803851
137361354,6.815681349961003,5.768752657127764,-14.993723904664336
137360869,7.610598536879176,5.120099663634694,-14.839011791193789
138573587,7.1849625509376125,4.772816636646095,-15.297627804662792
139099735,7.526009599244111,4.617669234708981,-15.04671875921813
139088667,6.503889196022514,5.437733276659615,-15.460938903894856
138409925,8.137003874601813,5.028336352411398,-15.27862448567415
137344972,7.6200568952537955,6.751877806630384,-14.794384572055213
139154831,7.171115759897412,4.7686190840635945,-15.539739319007099
138445192,7.241246942030164,5.9465807101001324,-15.121345541183915
138236733,7.208943271228112,6.862740328563548,-15.45231260742865
137325752,7.299254802795045,5.302011225837188,-15.104399396335348
139129576,6.5519666860828085,6.549342647474459,-15.238178725713215
137330379,7.114095397018198,5.585584612177807,-14.979443997512233
139104542,5.707178588146565,5.237626245272443,-15.144209934498644
137315101,5.6896722007879985,4.947466392351429,-15.170142480453361
137318080,7.286880895823523,4.802991075308043,-15.701234859410865
138409194,8.025522574635714,5.441697713859004,-15.479992154034498
139623557,7.477249739445907,4.054292787110758,-15.041302368401823
138568332,6.498441187859303,4.8670511385763815,-14.880964437376626
138894648,7.457355779491607,4.8536592463514605,-15.701200017491212
139597716,7.636802388347138,4.9382029471203674,-15.937556129141404
137339084,7.949441163315867,5.531721361943543,-15.922861415535516
139597711,7.3652039283813,4.7087594659622125,-15.838167838139244
137335110,7.2410491666384225,4.4964172363459385,-15.452025268797724
138269351,5.7652833501845775,5.3476249131962375,-15.873329445769508
138609283,7.243208871190577,5.9547002805221245,-15.328373038172765
138950376,6.531516986303734,5.06159704472355,-15.09400685575784
139133051,6.685339113719449,4.737644736759128,-15.541043050036215
144479142,6.771736280042028,4.377496956576255,-16.284323898726633
139597718,7.637557282840468,4.963856883558687,-16.209524220435082
137368906,7.952219539618762,5.041732198757578,-15.723342861452188
138689936,7.930548209929645,4.985693471914074,-15.623785694345761
137361159,6.815647434376402,5.768804835732286,-15.645255204809372
139192692,7.116311132313872,5.09397903469856,-15.547424856842168
137319538,6.039731798731707,5.380842874063847,-15.51281726253524
138962314,7.860645432712111,6.0664387439833884,-16.026469009400337
139143683,7.1163527215864635,5.0938951462768,-15.771308338512233
137328296,7.679479778701482,5.0269716239574365,-15.673971941759241
138756017,6.965665614343287,5.337931721759771,-15.638740087458705
139035798,7.060482738309691,4.19851690050279,-16.09717334165861
137316211,7.27190841999877,4.495285234889794,-15.656299744908788
138269359,6.920291540337598,5.522649701271436,-16.389985611363205
137327732,6.8402218294558095,5.60389370669901,-15.459668781917431
137353805,6.025393947279099,5.362644588393059,-15.623616550226775
139138111,7.257749894009343,6.704827647774472,-15.695133208440161
137369950,7.263599385643707,5.813928805091388,-15.583036434463553
139667403,6.837609203400732,5.111554431072069,-16.35293876106539
137362163,7.347830981179181,6.116689322342787,-15.858154905327554
144215707,7.229313547037872,4.202406888538464,-16.35851352180709
137330737,7.83100118233232,5.331546696047711,-16.52145982614077
139184749,6.1772471269249865,4.14088292052787,-16.33017039744144
139668139,5.5148511860475065,4.554654596965499,-16.280995316138178
138691980,7.8515297004117155,4.749360866383848,-15.975669302988354
138691306,7.8386520377530715,4.7542873486418475,-16.263867484079558
139096898,7.525613284397548,4.589891598723881,-16.062643364428038
138562338,7.056040833115293,5.0576469715097145,-16.52328755283942
137315358,6.2695793963196085,5.108346544311539,-15.976750394151118
139140806,7.271084993041531,5.247974296536972,-16.070530449367293
137354588,7.942562930661527,5.510129692669383,-16.66941705625072
139189745,6.006539289135437,4.580146224674591,-16.42320113697403
138822892,5.713188842321411,5.2814023085219866,-16.101903775482043
138564924,7.040913664894544,5.026363996212576,-16.836411268003992
139196346,6.871604196295756,5.372102420151872,-16.195453552411067
144202678,7.787411145462147,4.854921631102294,-17.088483765549118
139191943,7.2334585729357235,6.662307266060058,-16.34456517572233
137351214,7.276388490900634,5.281335006872164,-16.414857328071474
139155468,6.0066179306392575,4.580029732843784,-16.240377678307652
138929414,7.2468242676448025,4.238292221847412,-16.293084309781836
137365039,7.595210761556707,4.604835515743705,-16.969881254738656
139166121,7.158826801679583,5.0706764775966136,-17.328360787183946
139164268,7.420596890982712,4.8759142881033535,-17.47420839266404
137331709,6.6916071141985825,5.067740558689757,-17.352604679302228
139118747,7.163929945272706,5.075956228883873,-17.383218639179642
137366661,6.840243364939084,5.603961300784448,-16.861601841879736
139915774,7.881727494242992,5.854549838699407,-17.27583611093465
139171491,6.874612376837753,5.157826670612531,-17.109666205396508
137324864,7.010108905076059,4.969247520812115,-17.759772444227785
138570411,7.105242375646284,5.418818432083149,-17.225164837198626
139075595,7.140294865493155,5.965241359382019,-17.272051876442074
139085044,6.9069368927209664,5.269642255093157,-17.133107848914896
137355081,7.362939549510032,4.648810618224816,-17.548379737137466
139140007,7.406635930458517,4.553097493813904,-17.484832122778926
137353088,7.009298827143509,4.773705739626964,-18.01413788850289
139081788,7.465091290975251,4.83008529980216,-18.29174203551532
137321042,6.927172562837678,5.041910480554448,-17.976674570059746
139127255,7.5082809364033976,5.092730014161287,-18.31821760618801
