crystal_id,Zeolite,SMILES,InchiKey,Ligand formula,Loading,Binding (SiO2),Binding (OSDA),Directivity (SiO2),Competition (SiO2),Competition (OSDA),Templating,SCScore,Volume (Angstrom3),Axis 1 (Angstrom),Axis 2 (Angstrom),In literature?,Germanosilicate composition?,Zeolite composition?,Zeotype composition?
139138739,JST,C[N+](C)(C)C1CCCCC1,HCKMSHYCAFVSGW-UHFFFAOYNA-N,C9H20N+,2,-1.8233846048533395,-43.76123051648015,23.84150102642595,15.599803701102989,137.6481736664569,24.914514078851127,1.0015264289825456,167.44000000000003,7.238181698185092,4.339457827575644,0.0,False,False,False
139010943,PWO,C[N+](C)(C)C1CCCCC1,HCKMSHYCAFVSGW-UHFFFAOYNA-N,C9H20N+,1,-1.0723993098861664,-21.447986197723328,18.60289773433195,16.35078899607016,159.96141798521367,24.505337916963352,1.0015264289825456,167.44000000000003,7.238181698185092,4.339457827575644,0.0,False,False,False
139005077,UOZ,C[N+](C)(C)C1CCCCC1,HCKMSHYCAFVSGW-UHFFFAOYNA-N,C9H20N+,1,-0.4379633959321695,-17.51853583728678,13.366470310737474,16.985224910024158,163.89086834565026,23.72613953923932,1.0015264289825456,167.44000000000003,7.238181698185092,4.339457827575644,0.0,False,False,False
138955656,JSW,C[N+](C)(C)C1CCCCC1,HCKMSHYCAFVSGW-UHFFFAOYNA-N,C9H20N+,1,-0.14112860918678385,-6.7741732409656255,15.153444336368413,17.282059696769544,174.6352309419714,23.67017883189045,1.0015264289825456,167.44000000000003,7.238181698185092,4.339457827575644,0.0,False,False,False
139337534,LEV,C[N+](C)(C)C1CCCCC1,HCKMSHYCAFVSGW-UHFFFAOYNA-N,C9H20N+,5,-3.2004377066532737,-34.56472723185536,17.056354700330218,14.222750599303053,146.8446769510817,23.576112080014553,1.0015264289825456,167.44000000000003,7.238181698185092,4.339457827575644,0.0,False,False,False
139131759,AST,C[N+](C)(C)C1CCCCC1,HCKMSHYCAFVSGW-UHFFFAOYNA-N,C9H20N+,3,-2.364839485293323,-31.531193137244312,16.397423551796805,15.058348820663008,149.87821104569272,23.377998370415746,1.0015264289825456,167.44000000000003,7.238181698185092,4.339457827575644,0.0,False,False,False
139202767,SWY,C[N+](C)(C)C1CCCCC1,HCKMSHYCAFVSGW-UHFFFAOYNA-N,C9H20N+,6,-4.71044104755239,-56.52529257062869,11.538193643075767,12.712747258403935,124.88411161230837,23.02711603142035,1.0015264289825456,167.44000000000003,7.238181698185092,4.339457827575644,0.0,False,False,False
139044376,UOS,C[N+](C)(C)C1CCCCC1,HCKMSHYCAFVSGW-UHFFFAOYNA-N,C9H20N+,1,-1.0421923304313248,-25.012615930351792,12.470295544670167,16.380995975525003,156.39678825258525,22.98913705336534,1.0015264289825456,167.44000000000003,7.238181698185092,4.339457827575644,0.0,False,False,False
138774062,ESV,C[N+](C)(C)C1CCCCC1,HCKMSHYCAFVSGW-UHFFFAOYNA-N,C9H20N+,4,-2.623537470009925,-31.4824496401191,12.316282748728502,14.799650835946405,149.92695454281798,22.966988161673413,1.0015264289825456,167.44000000000003,7.238181698185092,4.339457827575644,0.0,False,False,False
139093410,SVV,C[N+](C)(C)C1CCCCC1,HCKMSHYCAFVSGW-UHFFFAOYNA-N,C9H20N+,2,-1.3849734665156492,-38.77925706243818,12.870064084277926,16.038214839440673,142.63014712049886,22.87561891447185,1.0015264289825456,167.44000000000003,7.238181698185092,4.339457827575644,0.0,False,False,False
139039253,PON,C[N+](C)(C)C1CCCCC1,HCKMSHYCAFVSGW-UHFFFAOYNA-N,C9H20N+,1,-0.3496447338916843,-8.391473613400422,14.560237277299928,17.073543572064644,173.01793056953662,22.8156664716952,1.0015264289825456,167.44000000000003,7.238181698185092,4.339457827575644,0.0,False,False,False
139104319,ETR,C[N+](C)(C)C1CCCCC1,HCKMSHYCAFVSGW-UHFFFAOYNA-N,C9H20N+,3,-4.593167722473504,-73.49068355957607,14.071800909077199,12.830020583482824,107.91872062336098,22.66736470656097,1.0015264289825456,167.44000000000003,7.238181698185092,4.339457827575644,0.0,False,False,False
139012688,SOF,C[N+](C)(C)C1CCCCC1,HCKMSHYCAFVSGW-UHFFFAOYNA-N,C9H20N+,1,-1.628085862860738,-65.12343451442952,14.846899122706635,15.795102443095589,116.28596966850752,22.6405940495748,1.0015264289825456,167.44000000000003,7.238181698185092,4.339457827575644,0.0,False,False,False
139000715,VFI,C[N+](C)(C)C1CCCCC1,HCKMSHYCAFVSGW-UHFFFAOYNA-N,C9H20N+,1,-2.90131323357759,-104.44727640879324,11.803353234654848,14.521875072378736,76.9621277741438,22.40086565652538,1.0015264289825456,167.44000000000003,7.238181698185092,4.339457827575644,0.0,False,False,False
139071994,BPH,C[N+](C)(C)C1CCCCC1,HCKMSHYCAFVSGW-UHFFFAOYNA-N,C9H20N+,1,-4.680246435064631,-131.04690018180966,14.234014141336491,12.742941870891695,50.362504001127384,22.38435581622601,1.0015264289825456,167.44000000000003,7.238181698185092,4.339457827575644,0.0,False,False,False
139012569,PWW,C[N+](C)(C)C1CCCCC1,HCKMSHYCAFVSGW-UHFFFAOYNA-N,C9H20N+,2,-3.965284500200336,-79.30569000400669,12.356087178835313,13.457903805755992,102.10371417893036,21.961539078630576,1.0015264289825456,167.44000000000003,7.238181698185092,4.339457827575644,0.0,False,False,False
139305946,CTH,C[N+](C)(C)C1CCCCC1,HCKMSHYCAFVSGW-UHFFFAOYNA-N,C9H20N+,4,-3.81981878460546,-122.23420110737473,5.065051758369787,13.603369521350867,59.17520307556232,21.730566950249546,1.0015264289825456,167.44000000000003,7.238181698185092,4.339457827575644,0.0,False,False,False
139034908,SZR,C[N+](C)(C)C1CCCCC1,HCKMSHYCAFVSGW-UHFFFAOYNA-N,C9H20N+,2,-3.2943619270122624,-59.29851468622072,6.369772701701354,14.128826378944066,122.11088949671631,21.726433442818607,1.0015264289825456,167.44000000000003,7.238181698185092,4.339457827575644,0.0,False,False,False
138816562,KFI,C[N+](C)(C)C1CCCCC1,HCKMSHYCAFVSGW-UHFFFAOYNA-N,C9H20N+,7,-5.569598917992263,-76.38307087532246,10.785380926276703,11.853589387964066,105.02633330761458,21.687082257437467,1.0015264289825456,167.44000000000003,7.238181698185092,4.339457827575644,0.0,False,False,False
139216357,SOS,C[N+](C)(C)C1CCCCC1,HCKMSHYCAFVSGW-UHFFFAOYNA-N,C9H20N+,2,-2.677903789624644,-32.13484547549573,11.906979736961455,14.745284516331685,149.27455870744132,21.670718262848734,1.0015264289825456,167.44000000000003,7.238181698185092,4.339457827575644,0.0,False,False,False
138564763,STI,C[N+](C)(C)C1CCCCC1,HCKMSHYCAFVSGW-UHFFFAOYNA-N,C9H20N+,4,-5.432191131004325,-97.77944035807785,11.276538532176135,11.990997174952,83.62996382485919,21.65590036679339,1.0015264289825456,167.44000000000003,7.238181698185092,4.339457827575644,0.0,False,False,False
138885814,STW,C[N+](C)(C)C1CCCCC1,HCKMSHYCAFVSGW-UHFFFAOYNA-N,C9H20N+,3,-4.7943540426624764,-95.88708085324954,14.259508146215527,12.62883426329385,85.5223233296875,21.597200982691355,1.0015264289825456,167.44000000000003,7.238181698185092,4.339457827575644,0.0,False,False,False
139134196,IWR,C[N+](C)(C)C1CCCCC1,HCKMSHYCAFVSGW-UHFFFAOYNA-N,C9H20N+,2,-5.444979417289829,-152.45942368411522,13.692661653640714,11.978208888666494,28.949980498821816,21.5759560637502,1.0015264289825456,167.44000000000003,7.238181698185092,4.339457827575644,0.0,False,False,False
138884610,AFV,C[N+](C)(C)C1CCCCC1,HCKMSHYCAFVSGW-UHFFFAOYNA-N,C9H20N+,3,-7.3281724989394865,-73.28172498939486,11.700307780321095,10.09501580701684,108.12767919354219,21.550670211170093,1.0015264289825456,167.44000000000003,7.238181698185092,4.339457827575644,0.0,False,False,False
139011498,MFS,C[N+](C)(C)C1CCCCC1,HCKMSHYCAFVSGW-UHFFFAOYNA-N,C9H20N+,2,-4.312309748891358,-77.62157548004444,5.867047568438475,13.110878557064968,103.78782870289257,21.470425339220466,1.0015264289825456,167.44000000000003,7.238181698185092,4.339457827575644,0.0,False,False,False
138407694,EAB,C[N+](C)(C)C1CCCCC1,HCKMSHYCAFVSGW-UHFFFAOYNA-N,C9H20N+,3,-6.408221188822397,-76.8986542658688,10.983330565470593,11.014967117133928,104.51074991706824,21.442200711708484,1.0015264289825456,167.44000000000003,7.238181698185092,4.339457827575644,0.0,False,False,False
137347459,LTL,C[N+](C)(C)C1CCCCC1,HCKMSHYCAFVSGW-UHFFFAOYNA-N,C9H20N+,1,-3.55389298068684,-127.94014730472624,5.9992721173557175,13.869295325269489,53.46925687821079,21.435225281918484,1.0015264289825456,167.44000000000003,7.238181698185092,4.339457827575644,0.0,False,False,False
145238798,OBW,C[N+](C)(C)C1CCCCC1,HCKMSHYCAFVSGW-UHFFFAOYNA-N,C9H20N+,6,-3.7795139950337036,-47.87384393709359,16.379138660213155,13.643674310922625,133.53556024584344,21.34401284846769,1.0015264289825456,167.44000000000003,7.238181698185092,4.339457827575644,0.0,False,False,False
139127702,ITG,C[N+](C)(C)C1CCCCC1,HCKMSHYCAFVSGW-UHFFFAOYNA-N,C9H20N+,2,-5.229534891678705,-146.42697696700375,9.549402572746034,12.19365341427762,34.982427215933285,21.295785055988848,1.0015264289825456,167.44000000000003,7.238181698185092,4.339457827575644,0.0,False,False,False
138907729,LTA,C[N+](C)(C)C1CCCCC1,HCKMSHYCAFVSGW-UHFFFAOYNA-N,C9H20N+,1,-5.365937572561704,-128.78250174148087,16.831698965379474,12.057250733394625,52.62690244145618,21.28646306997404,1.0015264289825456,167.44000000000003,7.238181698185092,4.339457827575644,0.0,False,False,False
138984123,SFE,C[N+](C)(C)C1CCCCC1,HCKMSHYCAFVSGW-UHFFFAOYNA-N,C9H20N+,1,-4.144751140156886,-58.026515962196406,8.516702318366752,13.278437165799437,123.38288822074064,21.260273716645727,1.0015264289825456,167.44000000000003,7.238181698185092,4.339457827575644,0.0,False,False,False
138939809,UFI,C[N+](C)(C)C1CCCCC1,HCKMSHYCAFVSGW-UHFFFAOYNA-N,C9H20N+,2,-4.236387713538564,-135.56440683323405,11.287137408946695,13.186800592417764,45.84499734970298,21.240969488154388,1.0015264289825456,167.44000000000003,7.238181698185092,4.339457827575644,0.0,False,False,False
139014722,RTE,C[N+](C)(C)C1CCCCC1,HCKMSHYCAFVSGW-UHFFFAOYNA-N,C9H20N+,1,-4.5177207684203395,-108.42529844208816,12.343526865144279,12.905467537535989,72.98410574084889,21.219499838525163,1.0015264289825456,167.44000000000003,7.238181698185092,4.339457827575644,0.0,False,False,False
139117263,SSF,C[N+](C)(C)C1CCCCC1,HCKMSHYCAFVSGW-UHFFFAOYNA-N,C9H20N+,2,-5.353844299615615,-144.5537960896216,6.1839708485402465,12.069344006340716,36.85560809331545,21.20720863297609,1.0015264289825456,167.44000000000003,7.238181698185092,4.339457827575644,0.0,False,False,False
138708081,ITH,C[N+](C)(C)C1CCCCC1,HCKMSHYCAFVSGW-UHFFFAOYNA-N,C9H20N+,2,-4.191556356406587,-117.36357797938444,6.821680456807151,13.231631949549739,64.0458262035526,21.152951265625944,1.0015264289825456,167.44000000000003,7.238181698185092,4.339457827575644,0.0,False,False,False
137330440,MER,C[N+](C)(C)C1CCCCC1,HCKMSHYCAFVSGW-UHFFFAOYNA-N,C9H20N+,1,-2.478352909610303,-79.3072931075297,9.330855764250222,14.944835396346026,102.10211107540735,21.116143286501558,1.0015264289825456,167.44000000000003,7.238181698185092,4.339457827575644,0.0,False,False,False
139047296,SSY,C[N+](C)(C)C1CCCCC1,HCKMSHYCAFVSGW-UHFFFAOYNA-N,C9H20N+,2,-4.717730015424131,-66.04822021593782,6.838044004557532,12.705458290532196,115.3611839669992,21.09270717283585,1.0015264289825456,167.44000000000003,7.238181698185092,4.339457827575644,0.0,False,False,False
138820992,AWW,C[N+](C)(C)C1CCCCC1,HCKMSHYCAFVSGW-UHFFFAOYNA-N,C9H20N+,2,-6.157146269038912,-73.88575522846695,10.631682783020851,11.266042036917415,107.52364895447008,20.991175879838732,1.0015264289825456,167.44000000000003,7.238181698185092,4.339457827575644,0.0,False,False,False
138889114,AEL,C[N+](C)(C)C1CCCCC1,HCKMSHYCAFVSGW-UHFFFAOYNA-N,C9H20N+,2,-3.9467356565310032,-78.93471313062005,4.976785486850772,13.476452649425326,102.47469105231698,20.969405705996973,1.0015264289825456,167.44000000000003,7.238181698185092,4.339457827575644,0.0,False,False,False
138980289,CGS,C[N+](C)(C)C1CCCCC1,HCKMSHYCAFVSGW-UHFFFAOYNA-N,C9H20N+,2,-5.814950633705628,-93.03921013929005,11.128281949673333,11.6082376722507,88.37019404364699,20.92937431520274,1.0015264289825456,167.44000000000003,7.238181698185092,4.339457827575644,0.0,False,False,False
138407314,GME,C[N+](C)(C)C1CCCCC1,HCKMSHYCAFVSGW-UHFFFAOYNA-N,C9H20N+,1,-5.733639050890442,-137.60733722137064,17.140715903681002,11.689549255065884,43.8020669615664,20.91089577983265,1.0015264289825456,167.44000000000003,7.238181698185092,4.339457827575644,0.0,False,False,False
138774880,SGT,C[N+](C)(C)C1CCCCC1,HCKMSHYCAFVSGW-UHFFFAOYNA-N,C9H20N+,4,-5.850135737855438,-93.60217180568701,7.0831630176465605,11.573052568100884,87.80723237725002,20.8739905359436,1.0015264289825456,167.44000000000003,7.238181698185092,4.339457827575644,0.0,False,False,False
139081997,SFG,C[N+](C)(C)C1CCCCC1,HCKMSHYCAFVSGW-UHFFFAOYNA-N,C9H20N+,2,-4.478194035439233,-165.6931793112516,6.120283415224272,12.944994270517093,15.716224871685398,20.80279204217788,1.0015264289825456,167.44000000000003,7.238181698185092,4.339457827575644,0.0,False,False,False
139152123,SFS,C[N+](C)(C)C1CCCCC1,HCKMSHYCAFVSGW-UHFFFAOYNA-N,C9H20N+,3,-6.891131931067709,-128.6344627132639,7.778319062395181,10.532056374888619,52.77494146967314,20.71836589337611,1.0015264289825456,167.44000000000003,7.238181698185092,4.339457827575644,0.0,False,False,False
139150432,SEW,C[N+](C)(C)C1CCCCC1,HCKMSHYCAFVSGW-UHFFFAOYNA-N,C9H20N+,3,-6.559949847192099,-144.3188966382262,7.4235182033460765,10.863238458764226,37.09050754471085,20.71261416719469,1.0015264289825456,167.44000000000003,7.238181698185092,4.339457827575644,0.0,False,False,False
138963933,MAZ,C[N+](C)(C)C1CCCCC1,HCKMSHYCAFVSGW-UHFFFAOYNA-N,C9H20N+,1,-3.972933129721912,-143.02559266998884,6.841870956775027,13.450255176234414,38.38381151294821,20.632283112084238,1.0015264289825456,167.44000000000003,7.238181698185092,4.339457827575644,0.0,False,False,False
139334783,BOG,C[N+](C)(C)C1CCCCC1,HCKMSHYCAFVSGW-UHFFFAOYNA-N,C9H20N+,5,-6.92240601370752,-132.91019546318438,11.118110015400157,10.500782292248807,48.499208719752644,20.613964747462187,1.0015264289825456,167.44000000000003,7.238181698185092,4.339457827575644,0.0,False,False,False
138821123,RHO,C[N+](C)(C)C1CCCCC1,HCKMSHYCAFVSGW-UHFFFAOYNA-N,C9H20N+,2,-5.8042111245619346,-139.30106698948646,6.504399152051415,11.618977181394394,42.10833719345061,20.583612987644447,1.0015264289825456,167.44000000000003,7.238181698185092,4.339457827575644,0.0,False,False,False
139314361,SBE,C[N+](C)(C)C1CCCCC1,HCKMSHYCAFVSGW-UHFFFAOYNA-N,C9H20N+,7,-6.425302012766143,-117.4912368048666,4.954258001833001,10.997886293190184,63.91816737807044,20.56620619991127,1.0015264289825456,167.44000000000003,7.238181698185092,4.339457827575644,0.0,False,False,False
139321903,EMT,C[N+](C)(C)C1CCCCC1,HCKMSHYCAFVSGW-UHFFFAOYNA-N,C9H20N+,6,-7.2935296553305,-116.696474485288,9.519869281908136,10.129658650625828,64.71292969764905,20.552872034526047,1.0015264289825456,167.44000000000003,7.238181698185092,4.339457827575644,0.0,False,False,False
138956663,CSV,C[N+](C)(C)C1CCCCC1,HCKMSHYCAFVSGW-UHFFFAOYNA-N,C9H20N+,1,-7.606283204580778,-152.12566409161553,11.715587259264664,9.816905101375552,29.2837400913215,20.510239935710825,1.0015264289825456,167.44000000000003,7.238181698185092,4.339457827575644,0.0,False,False,False
137356270,NON,C[N+](C)(C)C1CCCCC1,HCKMSHYCAFVSGW-UHFFFAOYNA-N,C9H20N+,1,-1.8018826804402912,-158.56567587874562,6.8404944402448615,15.621305625516035,22.84372830419141,20.502524098038336,1.0015264289825456,167.44000000000003,7.238181698185092,4.339457827575644,1.0,False,True,False
139012017,AFY,C[N+](C)(C)C1CCCCC1,HCKMSHYCAFVSGW-UHFFFAOYNA-N,C9H20N+,1,-8.348775966571495,-133.58041546514391,12.063264460575025,9.07441233938483,47.8289887177931,20.4961835881984,1.0015264289825456,167.44000000000003,7.238181698185092,4.339457827575644,0.0,False,False,False
138712658,SFW,C[N+](C)(C)C1CCCCC1,HCKMSHYCAFVSGW-UHFFFAOYNA-N,C9H20N+,6,-7.370883728756497,-132.67590711761696,12.90227453537124,10.052304577199829,48.73349706532008,20.486246093924574,1.0015264289825456,167.44000000000003,7.238181698185092,4.339457827575644,0.0,False,False,False
139059355,MTF,C[N+](C)(C)C1CCCCC1,HCKMSHYCAFVSGW-UHFFFAOYNA-N,C9H20N+,2,-3.8122216445884303,-83.86887618094545,4.683037012816835,13.610966661367895,97.54052800199158,20.46922479109534,1.0015264289825456,167.44000000000003,7.238181698185092,4.339457827575644,0.0,False,False,False
139313841,MOR,C[N+](C)(C)C1CCCCC1,HCKMSHYCAFVSGW-UHFFFAOYNA-N,C9H20N+,4,-4.477392934956597,-161.18614565843745,11.179569369255924,12.945795370999727,20.223258524499585,20.465342749387144,1.0015264289825456,167.44000000000003,7.238181698185092,4.339457827575644,0.0,False,False,False
138967509,CFI,C[N+](C)(C)C1CCCCC1,HCKMSHYCAFVSGW-UHFFFAOYNA-N,C9H20N+,2,-4.5142432165244335,-72.22789146439095,6.695890754339535,12.908945089431892,109.18151271854609,20.392607689079856,1.0015264289825456,167.44000000000003,7.238181698185092,4.339457827575644,0.0,False,False,False
138689563,SAF,C[N+](C)(C)C1CCCCC1,HCKMSHYCAFVSGW-UHFFFAOYNA-N,C9H20N+,2,-4.698888567543037,-150.36443416137718,2.277013036056263,12.724299738413286,31.044970021559863,20.35939845990735,1.0015264289825456,167.44000000000003,7.238181698185092,4.339457827575644,0.0,False,False,False
139262921,MFI,C[N+](C)(C)C1CCCCC1,HCKMSHYCAFVSGW-UHFFFAOYNA-N,C9H20N+,4,-5.566387444455987,-133.5932986669437,7.299245184127831,11.85680086150034,47.81610551599335,20.33977643612936,1.0015264289825456,167.44000000000003,7.238181698185092,4.339457827575644,0.0,False,False,False
139006900,MEI,C[N+](C)(C)C1CCCCC1,HCKMSHYCAFVSGW-UHFFFAOYNA-N,C9H20N+,2,-8.31026005008836,-141.27442085150213,10.919653400656783,9.112928255867967,40.13498333143491,20.32081297923643,1.0015264289825456,167.44000000000003,7.238181698185092,4.339457827575644,0.0,False,False,False
139084760,TON,C[N+](C)(C)C1CCCCC1,HCKMSHYCAFVSGW-UHFFFAOYNA-N,C9H20N+,2,-4.635559691760885,-111.25343260226124,6.041816004112973,12.78762861419544,70.15597158067581,20.297882452141973,1.0015264289825456,167.44000000000003,7.238181698185092,4.339457827575644,0.0,False,False,False
138941626,USI,C[N+](C)(C)C1CCCCC1,HCKMSHYCAFVSGW-UHFFFAOYNA-N,C9H20N+,2,-7.524545017971853,-150.49090035943703,10.542528148082402,9.898643287984475,30.918503823500004,20.258001937910787,1.0015264289825456,167.44000000000003,7.238181698185092,4.339457827575644,0.0,False,False,False
138929983,IRN,C[N+](C)(C)C1CCCCC1,HCKMSHYCAFVSGW-UHFFFAOYNA-N,C9H20N+,4,-6.6821160767252215,-153.6886697646801,3.6985288133347294,10.741072229231102,27.72073441825697,20.181850820821182,1.0015264289825456,167.44000000000003,7.238181698185092,4.339457827575644,0.0,False,False,False
139113637,EON,C[N+](C)(C)C1CCCCC1,HCKMSHYCAFVSGW-UHFFFAOYNA-N,C9H20N+,2,-4.772324547506496,-143.16973642519483,5.0141444885865925,12.65086375844983,38.23966775774221,20.167740445778048,1.0015264289825456,167.44000000000003,7.238181698185092,4.339457827575644,0.0,False,False,False
139395604,MOZ,C[N+](C)(C)C1CCCCC1,HCKMSHYCAFVSGW-UHFFFAOYNA-N,C9H20N+,6,-6.674854026303393,-120.14737247346108,4.370854733629841,10.748334279652934,61.26203170947596,20.11857180306279,1.0015264289825456,167.44000000000003,7.238181698185092,4.339457827575644,0.0,False,False,False
139533013,IWW,C[N+](C)(C)C1CCCCC1,HCKMSHYCAFVSGW-UHFFFAOYNA-N,C9H20N+,9,-8.572626887319029,-106.68157904219237,5.377948518390966,8.850561418637296,74.72782514074468,20.106811668709614,1.0015264289825456,167.44000000000003,7.238181698185092,4.339457827575644,0.0,False,False,False
142368493,NPT,C[N+](C)(C)C1CCCCC1,HCKMSHYCAFVSGW-UHFFFAOYNA-N,C9H20N+,1,-3.3934322720971912,-122.16356179549886,16.35396748214283,14.029756033859133,59.24584238743818,20.10516059815169,1.0015264289825456,167.44000000000003,7.238181698185092,4.339457827575644,0.0,False,False,False
138811641,EEI,C[N+](C)(C)C1CCCCC1,HCKMSHYCAFVSGW-UHFFFAOYNA-N,C9H20N+,5,-3.2819358667419136,-131.27743466967658,3.7793856294460486,14.141252439214414,50.131969513260486,20.04563206123852,1.0015264289825456,167.44000000000003,7.238181698185092,4.339457827575644,0.0,False,False,False
138930872,MEL,C[N+](C)(C)C1CCCCC1,HCKMSHYCAFVSGW-UHFFFAOYNA-N,C9H20N+,4,-6.076461257844747,-145.8350701882739,5.292327186344262,11.346727048111575,35.57433399466311,20.034923112108086,1.0015264289825456,167.44000000000003,7.238181698185092,4.339457827575644,0.0,False,False,False
138886054,BEC,C[N+](C)(C)C1CCCCC1,HCKMSHYCAFVSGW-UHFFFAOYNA-N,C9H20N+,2,-9.134572972541354,-146.15316756066167,9.15998578761152,8.288615333414972,35.25623662227537,20.034239559209517,1.0015264289825456,167.44000000000003,7.238181698185092,4.339457827575644,0.0,False,False,False
139206461,ITR,C[N+](C)(C)C1CCCCC1,HCKMSHYCAFVSGW-UHFFFAOYNA-N,C9H20N+,6,-6.510096739174537,-121.52180579792466,4.873028239857908,10.913091566781793,59.88759838501238,19.981555386300585,1.0015264289825456,167.44000000000003,7.238181698185092,4.339457827575644,0.0,False,False,False
138756160,SFN,C[N+](C)(C)C1CCCCC1,HCKMSHYCAFVSGW-UHFFFAOYNA-N,C9H20N+,2,-6.435679234624647,-102.97086775399436,4.272365414406478,10.98750907133168,78.43853642894268,19.921422881496863,1.0015264289825456,167.44000000000003,7.238181698185092,4.339457827575644,0.0,False,False,False
139186589,MRE,C[N+](C)(C)C1CCCCC1,HCKMSHYCAFVSGW-UHFFFAOYNA-N,C9H20N+,2,-3.7766854211459457,-90.6404501075027,2.9483416372095195,13.646502884810381,90.76895407543434,19.906574426586424,1.0015264289825456,167.44000000000003,7.238181698185092,4.339457827575644,0.0,False,False,False
139166177,CON,C[N+](C)(C)C1CCCCC1,HCKMSHYCAFVSGW-UHFFFAOYNA-N,C9H20N+,3,-8.406442207466915,-156.92025453938243,8.864886172685534,9.016746098489412,24.48914964355461,19.88262963147733,1.0015264289825456,167.44000000000003,7.238181698185092,4.339457827575644,0.0,False,False,False
138989093,STF,C[N+](C)(C)C1CCCCC1,HCKMSHYCAFVSGW-UHFFFAOYNA-N,C9H20N+,2,-8.18330989126094,-130.93295826017504,5.550992046445884,9.239878414695387,50.476445922762004,19.881733867020124,1.0015264289825456,167.44000000000003,7.238181698185092,4.339457827575644,0.0,False,False,False
139056489,IFO,C[N+](C)(C)C1CCCCC1,HCKMSHYCAFVSGW-UHFFFAOYNA-N,C9H20N+,2,-6.299203981564701,-100.78726370503522,5.3619442664502825,11.123984324391623,80.62214047790181,19.866290234837187,1.0015264289825456,167.44000000000003,7.238181698185092,4.339457827575644,0.0,False,False,False
138565321,MWW,C[N+](C)(C)C1CCCCC1,HCKMSHYCAFVSGW-UHFFFAOYNA-N,C9H20N+,4,-7.516816884550022,-135.30270392190042,7.410392509094455,9.906371421406305,46.10670026103664,19.83129961936419,1.0015264289825456,167.44000000000003,7.238181698185092,4.339457827575644,0.0,False,False,False
139084290,SOR,C[N+](C)(C)C1CCCCC1,HCKMSHYCAFVSGW-UHFFFAOYNA-N,C9H20N+,2,-6.676247359135799,-160.22993661925918,3.3170001292650166,10.746940946820526,21.179467563677832,19.80649443209779,1.0015264289825456,167.44000000000003,7.238181698185092,4.339457827575644,0.0,False,False,False
139857877,MTW,C[N+](C)(C)C1CCCCC1,HCKMSHYCAFVSGW-UHFFFAOYNA-N,C9H20N+,2,-5.951358751938198,-166.63804505426953,4.290472240752899,11.471829554018129,14.771359128667513,19.760409027600762,1.0015264289825456,167.44000000000003,7.238181698185092,4.339457827575644,1.0,False,True,False
139374149,SAT,C[N+](C)(C)C1CCCCC1,HCKMSHYCAFVSGW-UHFFFAOYNA-N,C9H20N+,5,-8.05708422640248,-116.02201286019572,5.9581457338958295,9.366104079553846,65.38739132274131,19.723482455101358,1.0015264289825456,167.44000000000003,7.238181698185092,4.339457827575644,0.0,False,False,False
137323736,SAV,C[N+](C)(C)C1CCCCC1,HCKMSHYCAFVSGW-UHFFFAOYNA-N,C9H20N+,3,-8.524495466044874,-136.39192745671798,5.0478678592971296,8.898692839911453,45.017476726219066,19.714125522774264,1.0015264289825456,167.44000000000003,7.238181698185092,4.339457827575644,0.0,False,False,False
139218046,STO,C[N+](C)(C)C1CCCCC1,HCKMSHYCAFVSGW-UHFFFAOYNA-N,C9H20N+,4,-5.689688301022023,-159.3112724286166,2.1010504459933843,11.733500004934303,22.098131754320434,19.69658012011219,1.0015264289825456,167.44000000000003,7.238181698185092,4.339457827575644,0.0,False,False,False
139499616,TUN,C[N+](C)(C)C1CCCCC1,HCKMSHYCAFVSGW-UHFFFAOYNA-N,C9H20N+,8,-5.463267225393111,-131.11841340943465,5.950280947785088,11.959921080563214,50.290990773502386,19.65458667765357,1.0015264289825456,167.44000000000003,7.238181698185092,4.339457827575644,0.0,False,False,False
139058055,AFR,C[N+](C)(C)C1CCCCC1,HCKMSHYCAFVSGW-UHFFFAOYNA-N,C9H20N+,2,-9.273782287784584,-148.38051660455332,5.671884167202486,8.149406018171744,33.02888757838372,19.589961836864614,1.0015264289825456,167.44000000000003,7.238181698185092,4.339457827575644,0.0,False,False,False
139557517,UOV,C[N+](C)(C)C1CCCCC1,HCKMSHYCAFVSGW-UHFFFAOYNA-N,C9H20N+,11,-7.297167115191053,-116.75467384305685,5.814939968240753,10.126021190765274,64.65473033988017,19.569833692543465,1.0015264289825456,167.44000000000003,7.238181698185092,4.339457827575644,0.0,False,False,False
139269579,EUO,C[N+](C)(C)C1CCCCC1,HCKMSHYCAFVSGW-UHFFFAOYNA-N,C9H20N+,5,-7.185234852680815,-160.94926070005027,4.583725910676487,10.23795345327551,20.460143482886764,19.513253229204537,1.0015264289825456,167.44000000000003,7.238181698185092,4.339457827575644,0.0,False,False,False
139033417,AFI,C[N+](C)(C)C1CCCCC1,HCKMSHYCAFVSGW-UHFFFAOYNA-N,C9H20N+,1,-6.699489385256232,-160.78774524614957,4.684371251235875,10.723698920700096,20.62165893678747,19.49698614998046,1.0015264289825456,167.44000000000003,7.238181698185092,4.339457827575644,0.0,False,False,False
138896735,AVL,C[N+](C)(C)C1CCCCC1,HCKMSHYCAFVSGW-UHFFFAOYNA-N,C9H20N+,2,-8.196452576822049,-172.12550411326302,10.642396592898633,9.226735729134278,9.28390006967402,19.479550393370626,1.0015264289825456,167.44000000000003,7.238181698185092,4.339457827575644,0.0,False,False,False
137369935,BEA,C[N+](C)(C)C1CCCCC1,HCKMSHYCAFVSGW-UHFFFAOYNA-N,C9H20N+,4,-9.943858318577352,-159.10173309723766,8.805407166537123,7.479329987378973,22.307671085699386,19.39117850953669,1.0015264289825456,167.44000000000003,7.238181698185092,4.339457827575644,1.0,False,True,False
139135785,EZT,C[N+](C)(C)C1CCCCC1,HCKMSHYCAFVSGW-UHFFFAOYNA-N,C9H20N+,3,-8.678625933869638,-138.8580149419142,6.357416839054585,8.74456237208669,42.55138924102286,19.37997911268272,1.0015264289825456,167.44000000000003,7.238181698185092,4.339457827575644,0.0,False,False,False
138962983,ATS,C[N+](C)(C)C1CCCCC1,HCKMSHYCAFVSGW-UHFFFAOYNA-N,C9H20N+,2,-7.351709014324784,-88.22050817189741,6.469818553531895,10.071479291631542,93.18889601103965,19.34383102115952,1.0015264289825456,167.44000000000003,7.238181698185092,4.339457827575644,0.0,False,False,False
139271794,BOZ,C[N+](C)(C)C1CCCCC1,HCKMSHYCAFVSGW-UHFFFAOYNA-N,C9H20N+,8,-10.566988952241898,-121.52037295078185,5.02562310679979,6.8561993537144295,59.88903123215521,19.306164858745984,1.0015264289825456,167.44000000000003,7.238181698185092,4.339457827575644,0.0,False,False,False
139553847,SOV,C[N+](C)(C)C1CCCCC1,HCKMSHYCAFVSGW-UHFFFAOYNA-N,C9H20N+,9,-9.448984394802217,-134.38555583718707,5.5295984176630295,7.974203911154111,47.02384834574997,19.30431558261652,1.0015264289825456,167.44000000000003,7.238181698185092,4.339457827575644,0.0,False,False,False
139024894,SFO,C[N+](C)(C)C1CCCCC1,HCKMSHYCAFVSGW-UHFFFAOYNA-N,C9H20N+,2,-9.479671549512336,-151.67474479219737,6.606187964210428,7.943516756443992,29.734659390739665,19.30191371427959,1.0015264289825456,167.44000000000003,7.238181698185092,4.339457827575644,0.0,False,False,False
139221721,MSE,C[N+](C)(C)C1CCCCC1,HCKMSHYCAFVSGW-UHFFFAOYNA-N,C9H20N+,7,-9.48355836569949,-151.73693385119185,4.785654532028284,7.939629940256836,29.672470331745192,19.29985077889472,1.0015264289825456,167.44000000000003,7.238181698185092,4.339457827575644,0.0,False,False,False
138711004,IHW,C[N+](C)(C)C1CCCCC1,HCKMSHYCAFVSGW-UHFFFAOYNA-N,C9H20N+,4,-6.541469172225791,-183.16113682232216,3.69650826586784,10.881719133730538,-1.7517326393851251,19.294372160083935,1.0015264289825456,167.44000000000003,7.238181698185092,4.339457827575644,0.0,False,False,False
138563509,OFF,C[N+](C)(C)C1CCCCC1,HCKMSHYCAFVSGW-UHFFFAOYNA-N,C9H20N+,1,-7.515760825966415,-135.28369486739547,9.953737475194927,9.907427479989913,46.12570931554157,19.244435067319394,1.0015264289825456,167.44000000000003,7.238181698185092,4.339457827575644,0.0,False,False,False
138580676,DFO,C[N+](C)(C)C1CCCCC1,HCKMSHYCAFVSGW-UHFFFAOYNA-N,C9H20N+,9,-9.955859063029342,-146.01926625776366,7.7059438726550225,7.467329242926985,35.390137925173384,19.23884014052236,1.0015264289825456,167.44000000000003,7.238181698185092,4.339457827575644,0.0,False,False,False
146562818,BOF,C[N+](C)(C)C1CCCCC1,HCKMSHYCAFVSGW-UHFFFAOYNA-N,C9H20N+,1,-2.2332453821505185,-53.59788917161245,9.592655412163113,15.189942923805807,127.8115150113246,19.167768102645155,1.0015264289825456,167.44000000000003,7.238181698185092,4.339457827575644,0.0,False,False,False
139100664,AEI,C[N+](C)(C)C1CCCCC1,HCKMSHYCAFVSGW-UHFFFAOYNA-N,C9H20N+,4,-11.19377338802696,-134.3252806563235,6.9150554909801,6.2294149179293665,47.084123526613524,19.128638493394813,1.0015264289825456,167.44000000000003,7.238181698185092,4.339457827575644,0.0,False,False,False
141714571,AET,C[N+](C)(C)C1CCCCC1,HCKMSHYCAFVSGW-UHFFFAOYNA-N,C9H20N+,2,-3.4080357400758965,-122.68928664273224,3.0194753023218195,14.015152565880433,58.720117540204804,19.08238421024757,1.0015264289825456,167.44000000000003,7.238181698185092,4.339457827575644,0.0,False,False,False
145529730,TOL,C[N+](C)(C)C1CCCCC1,HCKMSHYCAFVSGW-UHFFFAOYNA-N,C9H20N+,4,-3.322477386234701,-59.80459295222462,6.227104474989263,14.100710919721624,121.60481123071241,19.044974673371986,1.0015264289825456,167.44000000000003,7.238181698185092,4.339457827575644,0.0,False,False,False
139336963,SFH,C[N+](C)(C)C1CCCCC1,HCKMSHYCAFVSGW-UHFFFAOYNA-N,C9H20N+,4,-7.653425456530192,-122.45480730448305,3.4886005851744946,9.769762849426137,58.95459687845398,19.03941404839175,1.0015264289825456,167.44000000000003,7.238181698185092,4.339457827575644,0.0,False,False,False
139303674,ITT,C[N+](C)(C)C1CCCCC1,HCKMSHYCAFVSGW-UHFFFAOYNA-N,C9H20N+,7,-13.282477544411545,-87.28485243470443,8.56756963458327,4.140710761544783,94.12455174823259,19.02428825898448,1.0015264289825456,167.44000000000003,7.238181698185092,4.339457827575644,0.0,False,False,False
139299745,IFW,C[N+](C)(C)C1CCCCC1,HCKMSHYCAFVSGW-UHFFFAOYNA-N,C9H20N+,4,-9.679002327425124,-154.86403723880198,2.85794700716348,7.744185978531202,26.54536694413505,19.014183993068254,1.0015264289825456,167.44000000000003,7.238181698185092,4.339457827575644,0.0,False,False,False
139221976,SAO,C[N+](C)(C)C1CCCCC1,HCKMSHYCAFVSGW-UHFFFAOYNA-N,C9H20N+,6,-12.843711963120981,-119.87464498912917,5.7636553914419935,4.5794763428353455,61.534759193807886,19.000670380987227,1.0015264289825456,167.44000000000003,7.238181698185092,4.339457827575644,0.0,False,False,False
139074027,RTH,C[N+](C)(C)C1CCCCC1,HCKMSHYCAFVSGW-UHFFFAOYNA-N,C9H20N+,2,-10.047396062768849,-160.75833700430158,4.410874698531488,7.37579224318748,20.651067178635486,18.991542954588198,1.0015264289825456,167.44000000000003,7.238181698185092,4.339457827575644,0.0,False,False,False
138830723,IWS,C[N+](C)(C)C1CCCCC1,HCKMSHYCAFVSGW-UHFFFAOYNA-N,C9H20N+,9,-9.197008615115195,-138.97701907285187,5.942393339428753,8.22617969084113,42.43238511008517,18.937366244010228,1.0015264289825456,167.44000000000003,7.238181698185092,4.339457827575644,0.0,False,False,False
139088852,AFS,C[N+](C)(C)C1CCCCC1,HCKMSHYCAFVSGW-UHFFFAOYNA-N,C9H20N+,4,-10.216558077021594,-143.03181307830232,4.709415961903824,7.206630228934733,38.37759110463472,18.79941915670151,1.0015264289825456,167.44000000000003,7.238181698185092,4.339457827575644,0.0,False,False,False
139427407,ITE,C[N+](C)(C)C1CCCCC1,HCKMSHYCAFVSGW-UHFFFAOYNA-N,C9H20N+,4,-10.310364484550377,-164.96583175280603,4.436514193790586,7.112823821405947,16.443572430130985,18.746619259218182,1.0015264289825456,167.44000000000003,7.238181698185092,4.339457827575644,0.0,False,False,False
138888887,ISV,C[N+](C)(C)C1CCCCC1,HCKMSHYCAFVSGW-UHFFFAOYNA-N,C9H20N+,5,-11.82311656479138,-151.33589202932959,6.144198391925039,5.600071741164948,30.073512153607396,18.739197423064862,1.0015264289825456,167.44000000000003,7.238181698185092,4.339457827575644,0.0,False,False,False
138828743,EWS,C[N+](C)(C)C1CCCCC1,HCKMSHYCAFVSGW-UHFFFAOYNA-N,C9H20N+,8,-10.476488253021547,-125.71785903625856,5.302051277993522,6.94670005293478,55.69154514667848,18.713669341902357,1.0015264289825456,167.44000000000003,7.238181698185092,4.339457827575644,0.0,False,False,False
138605143,UTL,C[N+](C)(C)C1CCCCC1,HCKMSHYCAFVSGW-UHFFFAOYNA-N,C9H20N+,6,-11.001092870296086,-139.34717635708375,4.765896937823356,6.422095435660241,42.062227825853284,18.62008190486061,1.0015264289825456,167.44000000000003,7.238181698185092,4.339457827575644,0.0,False,False,False
142732308,TER,C[N+](C)(C)C1CCCCC1,HCKMSHYCAFVSGW-UHFFFAOYNA-N,C9H20N+,4,-5.6025251672254095,-112.05050334450816,6.851382720426082,11.820663138730914,69.35890083842888,18.61446645656285,1.0015264289825456,167.44000000000003,7.238181698185092,4.339457827575644,0.0,False,False,False
139018507,SAS,C[N+](C)(C)C1CCCCC1,HCKMSHYCAFVSGW-UHFFFAOYNA-N,C9H20N+,2,-10.711304857702498,-171.38087772323996,4.498066217101956,6.711883448253831,10.028526459697076,18.58719884889805,1.0015264289825456,167.44000000000003,7.238181698185092,4.339457827575644,0.0,False,False,False
138351698,ERI,C[N+](C)(C)C1CCCCC1,HCKMSHYCAFVSGW-UHFFFAOYNA-N,C9H20N+,2,-9.760708818272734,-175.69275872890918,9.009887052515257,7.662479487683593,5.716645454027827,18.578105976149125,1.0015264289825456,167.44000000000003,7.238181698185092,4.339457827575644,0.0,False,False,False
139068498,SFF,C[N+](C)(C)C1CCCCC1,HCKMSHYCAFVSGW-UHFFFAOYNA-N,C9H20N+,2,-10.035817915320314,-160.57308664512502,4.276998790032527,7.387370390636015,20.83631753781205,18.57583309989079,1.0015264289825456,167.44000000000003,7.238181698185092,4.339457827575644,0.0,False,False,False
138966133,IFR,C[N+](C)(C)C1CCCCC1,HCKMSHYCAFVSGW-UHFFFAOYNA-N,C9H20N+,2,-10.64344221230712,-170.29507539691392,5.07056497454567,6.779746093649208,11.114328786023123,18.454509118290407,1.0015264289825456,167.44000000000003,7.238181698185092,4.339457827575644,0.0,False,False,False
143853603,PCS,C[N+](C)(C)C1CCCCC1,HCKMSHYCAFVSGW-UHFFFAOYNA-N,C9H20N+,2,-4.355956658794739,-139.39061308143164,4.013792260582472,13.067231647161588,42.0187911015054,18.327402940053112,1.0015264289825456,167.44000000000003,7.238181698185092,4.339457827575644,0.0,False,False,False
142505717,PTY,C[N+](C)(C)C1CCCCC1,HCKMSHYCAFVSGW-UHFFFAOYNA-N,C9H20N+,1,-5.344617855550976,-53.44617855550976,8.154986078029218,12.078570450405351,127.96322562742728,18.204584755871924,1.0015264289825456,167.44000000000003,7.238181698185092,4.339457827575644,0.0,False,False,False
139760004,AVE,C[N+](C)(C)C1CCCCC1,HCKMSHYCAFVSGW-UHFFFAOYNA-N,C9H20N+,12,-9.38837791418554,-112.66053497022648,4.543425307513059,8.034810391770787,68.74886921271056,18.150492308830827,1.0015264289825456,167.44000000000003,7.238181698185092,4.339457827575644,0.0,False,False,False
143129190,OKO,C[N+](C)(C)C1CCCCC1,HCKMSHYCAFVSGW-UHFFFAOYNA-N,C9H20N+,5,-7.633987958448317,-103.82223623489712,4.846017740709089,9.789200347508007,77.58716794803992,18.04468837246084,1.0015264289825456,167.44000000000003,7.238181698185092,4.339457827575644,0.0,False,False,False
138929683,STT,C[N+](C)(C)C1CCCCC1,HCKMSHYCAFVSGW-UHFFFAOYNA-N,C9H20N+,4,-11.338087761433565,-181.40940418293704,3.1653190567647784,6.085100544522763,0.0,17.97418980635462,1.0015264289825456,167.44000000000003,7.238181698185092,4.339457827575644,0.0,False,False,False
145843763,IFY,C[N+](C)(C)C1CCCCC1,HCKMSHYCAFVSGW-UHFFFAOYNA-N,C9H20N+,2,-6.304445274983963,-151.30668659961512,4.691123715763166,11.118743030972364,30.102717583321922,17.928305303425837,1.0015264289825456,167.44000000000003,7.238181698185092,4.339457827575644,0.0,False,False,False
139000220,LAU,C[N+](C)(C)C1CCCCC1,HCKMSHYCAFVSGW-UHFFFAOYNA-N,C9H20N+,2,-10.03572603315803,-120.42871239789636,4.871812309509067,7.387462272798297,60.98069178504068,17.845035980930657,1.0015264289825456,167.44000000000003,7.238181698185092,4.339457827575644,0.0,False,False,False
141732188,MSO,C[N+](C)(C)C1CCCCC1,HCKMSHYCAFVSGW-UHFFFAOYNA-N,C9H20N+,3,-5.701060963559343,-171.03182890678028,2.5957775363951976,11.722127342396984,10.377575276156762,17.73422215475141,1.0015264289825456,167.44000000000003,7.238181698185092,4.339457827575644,0.0,False,False,False
145214991,SBS,C[N+](C)(C)C1CCCCC1,HCKMSHYCAFVSGW-UHFFFAOYNA-N,C9H20N+,7,-8.525283801328246,-116.91817784678742,5.24502708944339,8.897904504628078,64.49122633614965,17.65534873973721,1.0015264289825456,167.44000000000003,7.238181698185092,4.339457827575644,0.0,False,False,False
139135552,PUN,C[N+](C)(C)C1CCCCC1,HCKMSHYCAFVSGW-UHFFFAOYNA-N,C9H20N+,4,-13.21053820477139,-118.89484384294252,10.199531164008807,4.212650101184936,62.51456033999454,17.621107693816633,1.0015264289825456,167.44000000000003,7.238181698185092,4.339457827575644,0.0,False,False,False
145691733,MAR,C[N+](C)(C)C1CCCCC1,HCKMSHYCAFVSGW-UHFFFAOYNA-N,C9H20N+,2,-3.3558446886076654,-120.81040878987595,6.542032961387791,14.067343617348662,60.5989953930611,17.55666945324892,1.0015264289825456,167.44000000000003,7.238181698185092,4.339457827575644,0.0,False,False,False
144818613,SBT,C[N+](C)(C)C1CCCCC1,HCKMSHYCAFVSGW-UHFFFAOYNA-N,C9H20N+,10,-8.417083261864851,-121.20599897085384,4.613736596116485,9.006105044091475,60.203405212083204,17.544038019306235,1.0015264289825456,167.44000000000003,7.238181698185092,4.339457827575644,0.0,False,False,False
145192188,AFT,C[N+](C)(C)C1CCCCC1,HCKMSHYCAFVSGW-UHFFFAOYNA-N,C9H20N+,4,-8.472746196716635,-152.50943154089944,4.896086835715126,8.950442109239694,28.8999726420376,17.492601882039985,1.0015264289825456,167.44000000000003,7.238181698185092,4.339457827575644,0.0,False,False,False
139232442,POS,C[N+](C)(C)C1CCCCC1,HCKMSHYCAFVSGW-UHFFFAOYNA-N,C9H20N+,6,-13.271593414135785,-141.56366308411506,2.961464730651897,4.1515948918205385,39.84574109882198,17.432564172651148,1.0015264289825456,167.44000000000003,7.238181698185092,4.339457827575644,0.0,False,False,False
138888727,IRR,C[N+](C)(C)C1CCCCC1,HCKMSHYCAFVSGW-UHFFFAOYNA-N,C9H20N+,8,-17.423188305956327,-113.25072398871613,7.541883093389252,0.0,68.15868019422089,17.34849169301924,1.0015264289825456,167.44000000000003,7.238181698185092,4.339457827575644,0.0,False,False,False
138609097,AFN,C[N+](C)(C)C1CCCCC1,HCKMSHYCAFVSGW-UHFFFAOYNA-N,C9H20N+,2,-9.4038822735989,-150.4621163775824,3.165332609936504,8.019306032357429,30.94728780535468,17.203150016552755,1.0015264289825456,167.44000000000003,7.238181698185092,4.339457827575644,0.0,False,False,False
137315299,CHA,C[N+](C)(C)C1CCCCC1,HCKMSHYCAFVSGW-UHFFFAOYNA-N,C9H20N+,3,-14.673041744266891,-176.07650093120273,3.6451758619211176,2.75014656168943,5.33290325173428,16.773417732127136,1.0015264289825456,167.44000000000003,7.238181698185092,4.339457827575644,1.0,False,True,False
141087758,ETV,C[N+](C)(C)C1CCCCC1,HCKMSHYCAFVSGW-UHFFFAOYNA-N,C9H20N+,1,-8.499442956147194,-118.9922013860607,6.45816522363404,8.923745349809135,62.41720279687635,15.997280081933885,1.0015264289825456,167.44000000000003,7.238181698185092,4.339457827575644,0.0,False,False,False
143796904,OSO,C[N+](C)(C)C1CCCCC1,HCKMSHYCAFVSGW-UHFFFAOYNA-N,C9H20N+,1,-14.42770432379115,-129.84933891412035,5.494659597307184,2.9954839821651764,51.56006526881669,15.589204746426413,1.0015264289825456,167.44000000000003,7.238181698185092,4.339457827575644,0.0,False,False,False
